-- phpMyAdmin SQL Dump
-- version 3.4.10.1deb1
-- http://www.phpmyadmin.net
--
-- 主机: localhost
-- 生成日期: 2016 年 04 月 29 日 14:49
-- 服务器版本: 5.5.47
-- PHP 版本: 5.3.10-1ubuntu3

SET SQL_MODE="NO_AUTO_VALUE_ON_ZERO";
SET time_zone = "+00:00";


/*!40101 SET @OLD_CHARACTER_SET_CLIENT=@@CHARACTER_SET_CLIENT */;
/*!40101 SET @OLD_CHARACTER_SET_RESULTS=@@CHARACTER_SET_RESULTS */;
/*!40101 SET @OLD_COLLATION_CONNECTION=@@COLLATION_CONNECTION */;
/*!40101 SET NAMES utf8 */;

--
-- 数据库: `fenfen`
--

-- --------------------------------------------------------

--
-- 表的结构 `fenfen_admins`
--

CREATE TABLE IF NOT EXISTS `fenfen_admins` (
  `userid` int(11) NOT NULL AUTO_INCREMENT,
  `username` varchar(50) NOT NULL,
  `password` varchar(50) NOT NULL,
  `email` varchar(25) DEFAULT NULL,
  PRIMARY KEY (`userid`)
) ENGINE=MyISAM  DEFAULT CHARSET=utf8 AUTO_INCREMENT=4 ;

--
-- 转存表中的数据 `fenfen_admins`
--

INSERT INTO `fenfen_admins` (`userid`, `username`, `password`, `email`) VALUES
(1, 'system', '2d63ba11d5b21a34530bd0df5b0415c7', 'huluoboxu0804@gmail.com');

-- --------------------------------------------------------

--
-- 表的结构 `fenfen_archive`
--

CREATE TABLE IF NOT EXISTS `fenfen_archive` (
  `archive_id` int(11) NOT NULL AUTO_INCREMENT,
  `archive_title` varchar(500) NOT NULL,
  `archive_content` longtext,
  `archive_author` varchar(25) DEFAULT NULL,
  `archive_category` int(11) NOT NULL,
  `archive_pubtime` varchar(255) DEFAULT NULL,
  `archive_display` int(11) NOT NULL DEFAULT '1',
  PRIMARY KEY (`archive_id`)
) ENGINE=MyISAM  DEFAULT CHARSET=utf8 AUTO_INCREMENT=14 ;

--
-- 转存表中的数据 `fenfen_archive`
--

INSERT INTO `fenfen_archive` (`archive_id`, `archive_title`, `archive_content`, `archive_author`, `archive_category`, `archive_pubtime`, `archive_display`) VALUES
(13, '내 맘에 들어와 ', '你们好啊', 'C LAU', 21, '1452424771', 1),
(12, '在家里我是如何激活大脑高效编程的？', '&lt;p&gt;&lt;embed id=&quot;xunlei_com_thunder_helper_plugin_d462f475-c18e-46be-bd10-327458d045bd&quot; type=&quot;application/thunder_download_plugin&quot; height=&quot;0&quot; width=&quot;0&quot;/&gt;&lt;/p&gt;&lt;p style=&quot;padding: 0px; border: 0px; vertical-align: baseline;&quot;&gt;我必须得承认这一点，在家里工作一直是我的弱项之一。大多数情况下，我都是一个工作效率值得点赞的程序员——无论是在嘈杂的办公室还是在人来人往的咖啡馆。但是很郁闷的是，我所有的业余项目——那种大多数开发人员在周末都会搞搞的又小又酷的项目——都要用上很长一段时间才能做好。怎么会这样呢？&lt;br/&gt;&lt;/p&gt;&lt;p style=&quot;padding: 0px; border: 0px; vertical-align: baseline;&quot;&gt;&lt;br/&gt;&lt;/p&gt;&lt;p style=&quot;padding: 0px; border: 0px; vertical-align: baseline;&quot;&gt;在自我观察了一段时间之后，我找到了罪魁祸首：我的大脑。正如这本书中所言《Brain Bugs: How the Brain’s Flaws Shape Our Lives》，大脑通过建立概念之间的联系而工作；当其中一个概念被触发的时候，任何相关的概念也会活跃起来。而我之所以会不由自主地松懈下来是因为：在我大脑深处，“家”这个概念连接的是娱乐、休闲活动，我的潜意识给我切换到了一个完全不同于办公的心态中，所以我没法好好工作。&lt;/p&gt;&lt;p style=&quot;padding: 0px; border: 0px; vertical-align: baseline;&quot;&gt;发现原因之后，我开始积极想办法激活大脑以保证在家的时候也能高效工作。然后，我的方法起效了。下面是一些我所做的尝试——有些是显而易见的，而有些可能听上去很傻，但是它们都很有用，且听我一一道来。&lt;/p&gt;&lt;h2 style=&quot;padding: 0px; border: 0px; font-size: 1.285714286rem; vertical-align: baseline; clear: both;&quot;&gt;创建一个真正的工作空间。&lt;/h2&gt;&lt;p style=&quot;padding: 0px; border: 0px; vertical-align: baseline;&quot;&gt;因为住在一个小公寓里，所以我没办法搞一个专门的书房，甚至是一个专门的办公桌。我最初的做法是，坐在沙发上，用笔记本上写代码，但是失败了。我的大脑一直在说，沙发是用来休息的，休息的，休息。哦，我的天哪，受不鸟了。然后我跑到餐桌写代码——这是我目前发现的最好的工作空间了。坐在那，我可以抵制住以往会让我弃项目而去的诱惑：电视、游戏机、吉他……方法很简单，但能瞬间让我的工作效率爆棚。&lt;/p&gt;&lt;h2 style=&quot;padding: 0px; border: 0px; font-size: 1.285714286rem; vertical-align: baseline; clear: both;&quot;&gt;让空气中弥漫着咖啡的香味。&lt;/h2&gt;&lt;p style=&quot;padding: 0px; border: 0px; vertical-align: baseline;&quot;&gt;众所周知咖啡是一种兴奋剂，喝咖啡能提高工作效率，但是很少有人会关注它的香味。而我发现，我的大脑一接收到咖啡散发的气味就会调动全身精力去准备工作，并且这样的一种联系在我的大脑里已经牢不可摧了。这大概是因为，在我还是一个孩子的时候，我一醒来就能闻到我母亲煮的新鲜咖啡的美好香气，然后喝完咖啡就得去上学。所以每次一闻到咖啡，我潜意识里就会做好准备，像发动机一样开始启动并且准备运行。关于这方面和我的一些朋友交流之后，我得出的结论是：这是一种很常见的感觉（至少是在西方文化中）。即使没有喝到咖啡，仅仅只是闻到它的香味，大家也会精神一振，莫名其妙地会觉得准备好了，可以开工了。&lt;/p&gt;&lt;h2 style=&quot;padding: 0px; border: 0px; font-size: 1.285714286rem; vertical-align: baseline; clear: both;&quot;&gt;梳洗打理自己。&lt;/h2&gt;&lt;p style=&quot;padding: 0px; border: 0px; vertical-align: baseline;&quot;&gt;在一个慵懒的星期天下午，我们无需外出只要宅在家里，这时候，我敢打赌大家十之八九会选择穿舒适的衣服——甚至是睡衣。头发可能是乱糟糟的，胡子拉碴，一件件小事犹如涓涓细流汇结成涛涛大河拦住了我们效率的前行之路。然后我发现如果我像往常一样稍微梳洗打理自己一下，大脑就会有一种开启“工作模式”的感觉。这也许听上去有点滑稽，但是于我而言，甚至连有没有穿鞋子、穿什么鞋子都会对我的工作效率产生显著影响。我没有开玩笑，我是认真的——请试试看，或许你会感激我。&lt;/p&gt;&lt;h2 style=&quot;padding: 0px; border: 0px; font-size: 1.285714286rem; vertical-align: baseline; clear: both;&quot;&gt;选择合适的音乐。&lt;/h2&gt;&lt;p style=&quot;padding: 0px; border: 0px; vertical-align: baseline;&quot;&gt;我喜欢各种各样的音乐——有的人说我善变。不过我听音乐的习惯是：平时听听混合乐，而在工作的时候——我会选择爵士乐和Trip-Hop（话说我最喜欢的歌手是Chet Baker&amp;nbsp;和&amp;nbsp;Massive Attack）。听这种类型的音乐会让我在家里写代码的时候high起来。&lt;/p&gt;&lt;h2 style=&quot;padding: 0px; border: 0px; font-size: 1.285714286rem; vertical-align: baseline; clear: both;&quot;&gt;准备一个工作时间表。&lt;/h2&gt;&lt;p style=&quot;padding: 0px; border: 0px; vertical-align: baseline;&quot;&gt;在家里的时候，我发现如果采用可爱的番茄工作法能让我长时间地专注于工作，就不会像以前那样过一会儿就亲不自禁地松懈下来然后这边搞搞那边弄弄的。所谓番茄工作法就是工作30分钟后，休息个5分钟，然后重复，在工作2小时后，休息15分钟。然后再重新开始。&lt;/p&gt;&lt;p style=&quot;padding: 0px; border: 0px; vertical-align: baseline;&quot;&gt;以上就是我所采用的5个可以提高在家里编程的工作效率的简单方法。大家可能会对此抱怀疑态度（好吧，我可能也会，特别是那个关于穿上鞋子工作的建议），但是请给它们一个能够一展身手的机会。大脑是很神秘的，即使我们认为我们已经可以掌控它，但是它却不会让我们牵着它的鼻子，乖乖听话跟我们走。&lt;/p&gt;&lt;p style=&quot;padding: 0px; border: 0px; vertical-align: baseline;&quot;&gt;译文链接：&lt;a href=&quot;http://news.html5tricks.com/how-to-work-home.html&quot; target=&quot;_blank&quot; style=&quot;padding: 0px; border: 0px; vertical-align: baseline; outline: none; color: rgb(159, 159, 159);&quot;&gt;http://news.html5tricks.com/how-to-work-home.html&lt;/a&gt;&lt;br/&gt;英文原文：&lt;a href=&quot;https://medium.com/@campezzi/how-i-hacked-my-brain-to-be-efficient-when-working-from-home-2e29fd216ec4&quot; target=&quot;_blank&quot; style=&quot;padding: 0px; border: 0px; vertical-align: baseline; outline: none; color: rgb(159, 159, 159);&quot;&gt;How I hacked my brain to be efficient when working from home&lt;/a&gt;&lt;/p&gt;', 'C LAU', 22, '1419770226', 1);

-- --------------------------------------------------------

--
-- 表的结构 `fenfen_authassignment`
--

CREATE TABLE IF NOT EXISTS `fenfen_authassignment` (
  `itemname` varchar(64) NOT NULL,
  `userid` varchar(64) NOT NULL,
  `bizrule` text,
  `data` text,
  PRIMARY KEY (`itemname`,`userid`)
) ENGINE=MyISAM DEFAULT CHARSET=latin1;

--
-- 转存表中的数据 `fenfen_authassignment`
--

INSERT INTO `fenfen_authassignment` (`itemname`, `userid`, `bizrule`, `data`) VALUES
('system', '1', '', 's:0:"";');

-- --------------------------------------------------------

--
-- 表的结构 `fenfen_authitem`
--

CREATE TABLE IF NOT EXISTS `fenfen_authitem` (
  `name` varchar(64) NOT NULL,
  `type` int(11) NOT NULL,
  `description` text,
  `bizrule` text,
  `data` text,
  PRIMARY KEY (`name`)
) ENGINE=MyISAM DEFAULT CHARSET=latin1;

--
-- 转存表中的数据 `fenfen_authitem`
--

INSERT INTO `fenfen_authitem` (`name`, `type`, `description`, `bizrule`, `data`) VALUES
('ArchiveViewing', 1, NULL, NULL, 'N;'),
('ArchiveAdministrating', 1, NULL, NULL, 'N;'),
('ArchiveIndex', 0, NULL, NULL, 'N;'),
('ArchiveAdd', 0, NULL, NULL, 'N;'),
('ArchiveDetail', 0, NULL, NULL, 'N;'),
('ArchiveShowArchive', 0, NULL, NULL, 'N;'),
('ArchiveUpdate', 0, NULL, NULL, 'N;'),
('ArchiveDelete', 0, NULL, NULL, 'N;'),
('ArchiveSearch', 0, NULL, NULL, 'N;'),
('CateViewing', 1, NULL, NULL, 'N;'),
('CateAdministrating', 1, NULL, NULL, 'N;'),
('CateIndex', 0, NULL, NULL, 'N;'),
('CateAdd', 0, NULL, NULL, 'N;'),
('CateAjaxGetChildCate', 0, NULL, NULL, 'N;'),
('CateAjaxUpdateCate', 0, NULL, NULL, 'N;'),
('CateAjaxDeleteCate', 0, NULL, NULL, 'N;'),
('CateCheckChild', 0, NULL, NULL, 'N;'),
('srbac@AuthitemViewing', 1, NULL, NULL, 'N;'),
('srbac@AuthitemAdministrating', 1, NULL, NULL, 'N;'),
('srbac@AuthitemAssign', 0, NULL, NULL, 'N;'),
('srbac@AuthitemGetRoles', 0, NULL, NULL, 'N;'),
('srbac@AuthitemGetTasks', 0, NULL, NULL, 'N;'),
('srbac@AuthitemGetOpers', 0, NULL, NULL, 'N;'),
('srbac@AuthitemShow', 0, NULL, NULL, 'N;'),
('srbac@AuthitemCreate', 0, NULL, NULL, 'N;'),
('srbac@AuthitemUpdate', 0, NULL, NULL, 'N;'),
('srbac@AuthitemDelete', 0, NULL, NULL, 'N;'),
('srbac@AuthitemConfirm', 0, NULL, NULL, 'N;'),
('srbac@AuthitemList', 0, NULL, NULL, 'N;'),
('srbac@AuthitemInstall', 0, NULL, NULL, 'N;'),
('srbac@AuthitemManage', 0, NULL, NULL, 'N;'),
('srbac@AuthitemAutocomplete', 0, NULL, NULL, 'N;'),
('srbac@AuthitemAssignments', 0, NULL, NULL, 'N;'),
('srbac@AuthitemShowAssignments', 0, NULL, NULL, 'N;'),
('srbac@AuthitemScan', 0, NULL, NULL, 'N;'),
('srbac@AuthitemAutoDeleteItems', 0, NULL, NULL, 'N;'),
('srbac@AuthitemAutoCreateItems', 0, NULL, NULL, 'N;'),
('srbac@AuthitemAuto', 0, NULL, NULL, 'N;'),
('srbac@AuthitemGetCleverOpers', 0, NULL, NULL, 'N;'),
('srbac@AuthitemFrontPage', 0, NULL, NULL, 'N;'),
('srbac@AuthitemEditAllowed', 0, NULL, NULL, 'N;'),
('srbac@AuthitemSaveAllowed', 0, NULL, NULL, 'N;'),
('srbac@AuthitemClearObsolete', 0, NULL, NULL, 'N;'),
('srbac@AuthitemDeleteObsolete', 0, NULL, NULL, 'N;'),
('system', 2, '', '', 's:0:"";'),
('UserViewing', 1, NULL, NULL, 'N;'),
('UserAdministrating', 1, NULL, NULL, 'N;'),
('UserView', 0, NULL, NULL, 'N;'),
('UserCreate', 0, NULL, NULL, 'N;'),
('UserUpdate', 0, NULL, NULL, 'N;'),
('UserDelete', 0, NULL, NULL, 'N;'),
('UserIndex', 0, NULL, NULL, 'N;'),
('UserAdmin', 0, NULL, NULL, 'N;');

-- --------------------------------------------------------

--
-- 表的结构 `fenfen_authitemchild`
--

CREATE TABLE IF NOT EXISTS `fenfen_authitemchild` (
  `parent` varchar(64) NOT NULL,
  `child` varchar(64) NOT NULL,
  PRIMARY KEY (`parent`,`child`),
  KEY `child` (`child`)
) ENGINE=MyISAM DEFAULT CHARSET=latin1;

--
-- 转存表中的数据 `fenfen_authitemchild`
--

INSERT INTO `fenfen_authitemchild` (`parent`, `child`) VALUES
('ArchiveAdministrating', 'ArchiveAdd'),
('ArchiveAdministrating', 'ArchiveDelete'),
('ArchiveAdministrating', 'ArchiveDetail'),
('ArchiveAdministrating', 'ArchiveIndex'),
('ArchiveAdministrating', 'ArchiveSearch'),
('ArchiveAdministrating', 'ArchiveShowArchive'),
('ArchiveAdministrating', 'ArchiveUpdate'),
('CateAdministrating', 'CateAdd'),
('CateAdministrating', 'CateAjaxDeleteCate'),
('CateAdministrating', 'CateAjaxGetChildCate'),
('CateAdministrating', 'CateAjaxUpdateCate'),
('CateAdministrating', 'CateCheckChild'),
('CateAdministrating', 'CateIndex'),
('srbac@AuthitemAdministrating', 'srbac@AuthitemAssign'),
('srbac@AuthitemAdministrating', 'srbac@AuthitemAssignments'),
('srbac@AuthitemAdministrating', 'srbac@AuthitemAuto'),
('srbac@AuthitemAdministrating', 'srbac@AuthitemAutocomplete'),
('srbac@AuthitemAdministrating', 'srbac@AuthitemAutoCreateItems'),
('srbac@AuthitemAdministrating', 'srbac@AuthitemAutoDeleteItems'),
('srbac@AuthitemAdministrating', 'srbac@AuthitemClearObsolete'),
('srbac@AuthitemAdministrating', 'srbac@AuthitemConfirm'),
('srbac@AuthitemAdministrating', 'srbac@AuthitemCreate'),
('srbac@AuthitemAdministrating', 'srbac@AuthitemDelete'),
('srbac@AuthitemAdministrating', 'srbac@AuthitemDeleteObsolete'),
('srbac@AuthitemAdministrating', 'srbac@AuthitemEditAllowed'),
('srbac@AuthitemAdministrating', 'srbac@AuthitemFrontPage'),
('srbac@AuthitemAdministrating', 'srbac@AuthitemGetCleverOpers'),
('srbac@AuthitemAdministrating', 'srbac@AuthitemGetOpers'),
('srbac@AuthitemAdministrating', 'srbac@AuthitemGetRoles'),
('srbac@AuthitemAdministrating', 'srbac@AuthitemGetTasks'),
('srbac@AuthitemAdministrating', 'srbac@AuthitemInstall'),
('srbac@AuthitemAdministrating', 'srbac@AuthitemList'),
('srbac@AuthitemAdministrating', 'srbac@AuthitemManage'),
('srbac@AuthitemAdministrating', 'srbac@AuthitemSaveAllowed'),
('srbac@AuthitemAdministrating', 'srbac@AuthitemScan'),
('srbac@AuthitemAdministrating', 'srbac@AuthitemShow'),
('srbac@AuthitemAdministrating', 'srbac@AuthitemShowAssignments'),
('srbac@AuthitemAdministrating', 'srbac@AuthitemUpdate'),
('system', 'ArchiveAdministrating'),
('system', 'ArchiveViewing'),
('system', 'CateAdministrating'),
('system', 'CateViewing'),
('system', 'srbac@AuthitemAdministrating'),
('system', 'srbac@AuthitemViewing'),
('system', 'UserAdministrating'),
('UserAdministrating', 'UserAdmin'),
('UserAdministrating', 'UserCreate'),
('UserAdministrating', 'UserDelete'),
('UserAdministrating', 'UserIndex'),
('UserAdministrating', 'UserUpdate'),
('UserAdministrating', 'UserView');

-- --------------------------------------------------------

--
-- 表的结构 `fenfen_bill`
--

CREATE TABLE IF NOT EXISTS `fenfen_bill` (
  `bill_id` bigint(64) NOT NULL AUTO_INCREMENT,
  `title` varchar(255) NOT NULL,
  `level` tinyint(4) NOT NULL,
  `originator_id` bigint(64) NOT NULL,
  `group_bill_id` bigint(64) NOT NULL,
  `create_time` double NOT NULL,
  `currency` int(64) NOT NULL COMMENT '币种',
  `income_from_tags` varchar(255) NOT NULL COMMENT '来源',
  `outlay_from_tags` varchar(255) NOT NULL,
  `income_to_tags` varchar(255) NOT NULL,
  `outlay_to_tags` varchar(255) NOT NULL,
  `record_order` int(64) NOT NULL DEFAULT '0',
  PRIMARY KEY (`bill_id`)
) ENGINE=InnoDB DEFAULT CHARSET=utf8 COMMENT='账单表' AUTO_INCREMENT=1 ;

-- --------------------------------------------------------

--
-- 表的结构 `fenfen_bill_member`
--

CREATE TABLE IF NOT EXISTS `fenfen_bill_member` (
  `bill_id` bigint(64) NOT NULL,
  `uid` bigint(64) NOT NULL,
  `can_read` tinyint(4) NOT NULL DEFAULT '0',
  `can_creat` tinyint(4) NOT NULL DEFAULT '0',
  `can_delete` tinyint(4) NOT NULL DEFAULT '0',
  `can_edit` tinyint(4) NOT NULL DEFAULT '0',
  `can_invite` tinyint(4) NOT NULL DEFAULT '0',
  `can_remove` tinyint(4) NOT NULL DEFAULT '0',
  `can_audit` tinyint(4) NOT NULL DEFAULT '0' COMMENT '是否能批复账单',
  `can_doubt` tinyint(4) NOT NULL DEFAULT '0' COMMENT '是否能质疑账单'
) ENGINE=InnoDB DEFAULT CHARSET=utf8;

-- --------------------------------------------------------

--
-- 表的结构 `fenfen_bill_record`
--

CREATE TABLE IF NOT EXISTS `fenfen_bill_record` (
  `record_id` bigint(128) NOT NULL AUTO_INCREMENT,
  `bill_id` bigint(64) NOT NULL,
  `user_id` bigint(64) NOT NULL,
  `money` double NOT NULL DEFAULT '0',
  `currency` int(64) NOT NULL,
  `type` tinyint(4) NOT NULL COMMENT '支出／收入',
  `state` tinyint(4) NOT NULL DEFAULT '0' COMMENT '待提醒/ 已失效/ ',
  `version` int(16) NOT NULL DEFAULT '1' COMMENT '版本',
  `money_from` varchar(255) NOT NULL COMMENT '支出来源/收入来源',
  `money_to` varchar(255) CHARACTER SET utf8mb4 NOT NULL COMMENT '支出用途/收入去向',
  `description` varchar(255) CHARACTER SET utf8mb4 DEFAULT NULL COMMENT '支出/收入 描述',
  `create_time` double NOT NULL COMMENT '支付时间',
  `warn_time` double NOT NULL COMMENT '提醒时间',
  `sync_state` tinyint(4) NOT NULL DEFAULT '0' COMMENT '已同步/未同步/有更新',
  `attachment` varchar(255) CHARACTER SET utf8mb4 DEFAULT NULL COMMENT '附件证据图或文本',
  `record_order` int(64) NOT NULL DEFAULT '0' COMMENT '排序',
  PRIMARY KEY (`record_id`)
) ENGINE=InnoDB DEFAULT CHARSET=utf8 AUTO_INCREMENT=1 ;

-- --------------------------------------------------------

--
-- 表的结构 `fenfen_category`
--

CREATE TABLE IF NOT EXISTS `fenfen_category` (
  `flag` int(11) DEFAULT NULL,
  `id` bigint(20) NOT NULL AUTO_INCREMENT,
  `title` varchar(50) NOT NULL,
  `parentid` bigint(20) NOT NULL,
  PRIMARY KEY (`id`)
) ENGINE=MyISAM  DEFAULT CHARSET=utf8 AUTO_INCREMENT=23 ;

--
-- 转存表中的数据 `fenfen_category`
--

INSERT INTO `fenfen_category` (`flag`, `id`, `title`, `parentid`) VALUES
(NULL, 1, '最新文章', 0),
(NULL, 2, '公司新闻', 1),
(NULL, 6, '公司咨询', 1),
(NULL, 18, '78787878', 17),
(NULL, 13, '大嘴猴', 12),
(NULL, 21, '小分队', 0);

-- --------------------------------------------------------

--
-- 表的结构 `fenfen_effective`
--

CREATE TABLE IF NOT EXISTS `fenfen_effective` (
  `id` tinyint(4) NOT NULL AUTO_INCREMENT,
  `days` int(11) NOT NULL,
  `description` varchar(255) NOT NULL,
  PRIMARY KEY (`id`)
) ENGINE=InnoDB  DEFAULT CHARSET=utf8 AUTO_INCREMENT=4 ;

--
-- 转存表中的数据 `fenfen_effective`
--

INSERT INTO `fenfen_effective` (`id`, `days`, `description`) VALUES
(1, 30, '月卡'),
(2, 90, '季卡'),
(3, 365, '年卡');

-- --------------------------------------------------------

--
-- 表的结构 `fenfen_price`
--

CREATE TABLE IF NOT EXISTS `fenfen_price` (
  `price_id` int(64) NOT NULL AUTO_INCREMENT,
  `product_id` int(64) NOT NULL,
  `product_price` double(16,0) NOT NULL,
  `price_description` varchar(255) DEFAULT '',
  `effective_id` tinyint(4) NOT NULL,
  PRIMARY KEY (`price_id`)
) ENGINE=InnoDB  DEFAULT CHARSET=utf8 AUTO_INCREMENT=631 ;

--
-- 转存表中的数据 `fenfen_price`
--

INSERT INTO `fenfen_price` (`price_id`, `product_id`, `product_price`, `price_description`, `effective_id`) VALUES
(1, 206, 120, '', 3),
(2, 211, 120, '', 3),
(3, 212, 120, '', 3),
(4, 213, 120, '', 3),
(5, 214, 120, '', 3),
(6, 215, 120, '', 3),
(7, 216, 120, '', 3),
(8, 217, 120, '', 3),
(9, 218, 120, '', 3),
(10, 219, 120, '', 3),
(11, 220, 120, '', 3),
(12, 221, 120, '', 3),
(13, 222, 120, '', 3),
(14, 223, 120, '', 3),
(15, 224, 120, '', 3),
(16, 225, 120, '', 3),
(17, 226, 120, '', 3),
(18, 227, 120, '', 3),
(19, 228, 120, '', 3),
(20, 229, 120, '', 3),
(21, 230, 120, '', 3),
(22, 231, 120, '', 3),
(23, 232, 120, '', 3),
(24, 233, 120, '', 3),
(25, 234, 120, '', 3),
(26, 235, 120, '', 3),
(27, 236, 120, '', 3),
(28, 237, 120, '', 3),
(29, 238, 120, '', 3),
(30, 239, 120, '', 3),
(31, 240, 120, '', 3),
(32, 241, 120, '', 3),
(33, 242, 120, '', 3),
(34, 243, 120, '', 3),
(35, 244, 120, '', 3),
(36, 245, 120, '', 3),
(37, 246, 120, '', 3),
(38, 247, 120, '', 3),
(39, 248, 120, '', 3),
(40, 249, 120, '', 3),
(41, 250, 120, '', 3),
(42, 251, 120, '', 3),
(43, 252, 120, '', 3),
(44, 253, 120, '', 3),
(45, 254, 120, '', 3),
(46, 255, 120, '', 3),
(47, 256, 120, '', 3),
(48, 257, 120, '', 3),
(49, 258, 120, '', 3),
(50, 259, 120, '', 3),
(51, 260, 120, '', 3),
(52, 261, 120, '', 3),
(53, 262, 120, '', 3),
(54, 263, 120, '', 3),
(55, 264, 120, '', 3),
(56, 265, 120, '', 3),
(57, 266, 120, '', 3),
(58, 267, 120, '', 3),
(59, 268, 120, '', 3),
(60, 269, 120, '', 3),
(61, 270, 120, '', 3),
(62, 271, 120, '', 3),
(63, 272, 120, '', 3),
(64, 273, 120, '', 3),
(65, 274, 120, '', 3),
(66, 275, 120, '', 3),
(67, 276, 120, '', 3),
(68, 277, 120, '', 3),
(69, 278, 120, '', 3),
(70, 279, 120, '', 3),
(71, 280, 120, '', 3),
(72, 281, 120, '', 3),
(73, 282, 120, '', 3),
(74, 283, 120, '', 3),
(75, 284, 120, '', 3),
(76, 285, 120, '', 3),
(77, 286, 120, '', 3),
(78, 287, 120, '', 3),
(79, 288, 120, '', 3),
(80, 289, 120, '', 3),
(81, 290, 120, '', 3),
(82, 291, 120, '', 3),
(83, 292, 120, '', 3),
(84, 293, 120, '', 3),
(85, 294, 120, '', 3),
(86, 295, 120, '', 3),
(87, 296, 120, '', 3),
(88, 297, 120, '', 3),
(89, 298, 120, '', 3),
(90, 299, 120, '', 3),
(91, 300, 120, '', 3),
(92, 301, 120, '', 3),
(93, 302, 120, '', 3),
(94, 303, 120, '', 3),
(95, 304, 120, '', 3),
(96, 305, 120, '', 3),
(97, 306, 120, '', 3),
(98, 307, 120, '', 3),
(99, 206, 90, '', 2),
(100, 211, 90, '', 2),
(101, 212, 90, '', 2),
(102, 213, 90, '', 2),
(103, 214, 90, '', 2),
(104, 215, 90, '', 2),
(105, 216, 90, '', 2),
(106, 217, 90, '', 2),
(107, 218, 90, '', 2),
(108, 219, 90, '', 2),
(109, 220, 90, '', 2),
(110, 221, 90, '', 2),
(111, 222, 90, '', 2),
(112, 223, 90, '', 2),
(113, 224, 90, '', 2),
(114, 225, 90, '', 2),
(115, 226, 90, '', 2),
(116, 227, 90, '', 2),
(117, 228, 90, '', 2),
(118, 229, 90, '', 2),
(119, 230, 90, '', 2),
(120, 231, 90, '', 2),
(121, 232, 90, '', 2),
(122, 233, 90, '', 2),
(123, 234, 90, '', 2),
(124, 235, 90, '', 2),
(125, 236, 90, '', 2),
(126, 237, 90, '', 2),
(127, 238, 90, '', 2),
(128, 239, 90, '', 2),
(129, 240, 90, '', 2),
(130, 241, 90, '', 2),
(131, 242, 90, '', 2),
(132, 243, 90, '', 2),
(133, 244, 90, '', 2),
(134, 245, 90, '', 2),
(135, 246, 90, '', 2),
(136, 247, 90, '', 2),
(137, 248, 90, '', 2),
(138, 249, 90, '', 2),
(139, 250, 90, '', 2),
(140, 251, 90, '', 2),
(141, 252, 90, '', 2),
(142, 253, 90, '', 2),
(143, 254, 90, '', 2),
(144, 255, 90, '', 2),
(145, 256, 90, '', 2),
(146, 257, 90, '', 2),
(147, 258, 90, '', 2),
(148, 259, 90, '', 2),
(149, 260, 90, '', 2),
(150, 261, 90, '', 2),
(151, 262, 90, '', 2),
(152, 263, 90, '', 2),
(153, 264, 90, '', 2),
(154, 265, 90, '', 2),
(155, 266, 90, '', 2),
(156, 267, 90, '', 2),
(157, 268, 90, '', 2),
(158, 269, 90, '', 2),
(159, 270, 90, '', 2),
(160, 271, 90, '', 2),
(161, 272, 90, '', 2),
(162, 273, 90, '', 2),
(163, 274, 90, '', 2),
(164, 275, 90, '', 2),
(165, 276, 90, '', 2),
(166, 277, 90, '', 2),
(167, 278, 90, '', 2),
(168, 279, 90, '', 2),
(169, 280, 90, '', 2),
(170, 281, 90, '', 2),
(171, 282, 90, '', 2),
(172, 283, 90, '', 2),
(173, 284, 90, '', 2),
(174, 285, 90, '', 2),
(175, 286, 90, '', 2),
(176, 287, 90, '', 2),
(177, 288, 90, '', 2),
(178, 289, 90, '', 2),
(179, 290, 90, '', 2),
(180, 291, 90, '', 2),
(181, 292, 90, '', 2),
(182, 293, 90, '', 2),
(183, 294, 90, '', 2),
(184, 295, 90, '', 2),
(185, 296, 90, '', 2),
(186, 297, 90, '', 2),
(187, 298, 90, '', 2),
(188, 299, 90, '', 2),
(189, 300, 90, '', 2),
(190, 301, 90, '', 2),
(191, 302, 90, '', 2),
(192, 303, 90, '', 2),
(193, 304, 90, '', 2),
(194, 305, 90, '', 2),
(195, 306, 90, '', 2),
(196, 307, 90, '', 2),
(197, 206, 60, '', 1),
(198, 211, 60, '', 1),
(199, 212, 60, '', 1),
(200, 213, 60, '', 1),
(201, 214, 60, '', 1),
(202, 215, 60, '', 1),
(203, 216, 60, '', 1),
(204, 217, 60, '', 1),
(205, 218, 60, '', 1),
(206, 219, 60, '', 1),
(207, 220, 60, '', 1),
(208, 221, 60, '', 1),
(209, 222, 60, '', 1),
(210, 223, 60, '', 1),
(211, 224, 60, '', 1),
(212, 225, 60, '', 1),
(213, 226, 60, '', 1),
(214, 227, 60, '', 1),
(215, 228, 60, '', 1),
(216, 229, 60, '', 1),
(217, 230, 60, '', 1),
(218, 231, 60, '', 1),
(219, 232, 60, '', 1),
(220, 233, 60, '', 1),
(221, 234, 60, '', 1),
(222, 235, 60, '', 1),
(223, 236, 60, '', 1),
(224, 237, 60, '', 1),
(225, 238, 60, '', 1),
(226, 239, 60, '', 1),
(227, 240, 60, '', 1),
(228, 241, 60, '', 1),
(229, 242, 60, '', 1),
(230, 243, 60, '', 1),
(231, 244, 60, '', 1),
(232, 245, 60, '', 1),
(233, 246, 60, '', 1),
(234, 247, 60, '', 1),
(235, 248, 60, '', 1),
(236, 249, 60, '', 1),
(237, 250, 60, '', 1),
(238, 251, 60, '', 1),
(239, 252, 60, '', 1),
(240, 253, 60, '', 1),
(241, 254, 60, '', 1),
(242, 255, 60, '', 1),
(243, 256, 60, '', 1),
(244, 257, 60, '', 1),
(245, 258, 60, '', 1),
(246, 259, 60, '', 1),
(247, 260, 60, '', 1),
(248, 261, 60, '', 1),
(249, 262, 60, '', 1),
(250, 263, 60, '', 1),
(251, 264, 60, '', 1),
(252, 265, 60, '', 1),
(253, 266, 60, '', 1),
(254, 267, 60, '', 1),
(255, 268, 60, '', 1),
(256, 269, 60, '', 1),
(257, 270, 60, '', 1),
(258, 271, 60, '', 1),
(259, 272, 60, '', 1),
(260, 273, 60, '', 1),
(261, 274, 60, '', 1),
(262, 275, 60, '', 1),
(263, 276, 60, '', 1),
(264, 277, 60, '', 1),
(265, 278, 60, '', 1),
(266, 279, 60, '', 1),
(267, 280, 60, '', 1),
(268, 281, 60, '', 1),
(269, 282, 60, '', 1),
(270, 283, 60, '', 1),
(271, 284, 60, '', 1),
(272, 285, 60, '', 1),
(273, 286, 60, '', 1),
(274, 287, 60, '', 1),
(275, 288, 60, '', 1),
(276, 289, 60, '', 1),
(277, 290, 60, '', 1),
(278, 291, 60, '', 1),
(279, 292, 60, '', 1),
(280, 293, 60, '', 1),
(281, 294, 60, '', 1),
(282, 295, 60, '', 1),
(283, 296, 60, '', 1),
(284, 297, 60, '', 1),
(285, 298, 60, '', 1),
(286, 299, 60, '', 1),
(287, 300, 60, '', 1),
(288, 301, 60, '', 1),
(289, 302, 60, '', 1),
(290, 303, 60, '', 1),
(291, 304, 60, '', 1),
(292, 305, 60, '', 1),
(293, 306, 60, '', 1),
(294, 307, 60, '', 1),
(295, 308, 45, '', 1),
(296, 310, 45, '', 1),
(297, 311, 45, '', 1),
(298, 312, 45, '', 1),
(299, 313, 45, '', 1),
(300, 314, 45, '', 1),
(301, 315, 45, '', 1),
(302, 316, 45, '', 1),
(303, 317, 45, '', 1),
(304, 318, 45, '', 1),
(305, 319, 45, '', 1),
(306, 320, 45, '', 1),
(307, 321, 45, '', 1),
(308, 322, 45, '', 1),
(309, 323, 45, '', 1),
(310, 324, 45, '', 1),
(311, 325, 45, '', 1),
(312, 326, 45, '', 1),
(313, 327, 45, '', 1),
(314, 328, 45, '', 1),
(315, 329, 45, '', 1),
(316, 330, 45, '', 1),
(317, 331, 45, '', 1),
(318, 332, 45, '', 1),
(319, 333, 45, '', 1),
(320, 334, 45, '', 1),
(321, 335, 45, '', 1),
(322, 336, 45, '', 1),
(323, 337, 45, '', 1),
(324, 338, 45, '', 1),
(325, 339, 45, '', 1),
(326, 340, 45, '', 1),
(327, 341, 45, '', 1),
(328, 342, 45, '', 1),
(329, 343, 45, '', 1),
(330, 344, 45, '', 1),
(331, 345, 45, '', 1),
(332, 346, 45, '', 1),
(333, 347, 45, '', 1),
(334, 348, 45, '', 1),
(335, 349, 45, '', 1),
(336, 350, 45, '', 1),
(337, 351, 45, '', 1),
(338, 352, 45, '', 1),
(339, 353, 45, '', 1),
(340, 354, 45, '', 1),
(341, 355, 45, '', 1),
(342, 356, 45, '', 1),
(343, 357, 45, '', 1),
(344, 358, 45, '', 1),
(345, 359, 45, '', 1),
(346, 360, 45, '', 1),
(347, 361, 45, '', 1),
(348, 362, 45, '', 1),
(349, 363, 45, '', 1),
(350, 364, 45, '', 1),
(351, 365, 45, '', 1),
(352, 366, 45, '', 1),
(353, 367, 45, '', 1),
(354, 368, 45, '', 1),
(355, 369, 45, '', 1),
(356, 370, 45, '', 1),
(357, 371, 45, '', 1),
(358, 372, 45, '', 1),
(359, 373, 45, '', 1),
(360, 374, 45, '', 1),
(361, 375, 45, '', 1),
(362, 376, 45, '', 1),
(363, 377, 45, '', 1),
(364, 379, 45, '', 1),
(365, 380, 45, '', 1),
(366, 381, 45, '', 1),
(367, 382, 45, '', 1),
(368, 383, 45, '', 1),
(369, 384, 45, '', 1),
(370, 385, 45, '', 1),
(371, 386, 45, '', 1),
(372, 387, 45, '', 1),
(373, 388, 45, '', 1),
(374, 389, 45, '', 1),
(375, 390, 45, '', 1),
(376, 391, 45, '', 1),
(377, 392, 45, '', 1),
(378, 393, 45, '', 1),
(379, 394, 45, '', 1),
(380, 395, 45, '', 1),
(381, 396, 45, '', 1),
(382, 397, 45, '', 1),
(383, 398, 45, '', 1),
(384, 399, 45, '', 1),
(385, 400, 45, '', 1),
(386, 401, 45, '', 1),
(387, 402, 45, '', 1),
(388, 403, 45, '', 1),
(389, 404, 45, '', 1),
(390, 405, 45, '', 1),
(391, 406, 45, '', 1),
(392, 407, 45, '', 1),
(393, 408, 45, '', 1),
(394, 409, 45, '', 1),
(395, 410, 45, '', 1),
(396, 411, 45, '', 1),
(397, 412, 45, '', 1),
(398, 413, 45, '', 1),
(399, 414, 45, '', 1),
(400, 415, 45, '', 1),
(401, 416, 45, '', 1),
(402, 417, 45, '', 1),
(403, 418, 45, '', 1),
(404, 419, 45, '', 1),
(405, 420, 45, '', 1),
(406, 421, 45, '', 1),
(407, 308, 60, '', 2),
(408, 310, 60, '', 2),
(409, 311, 60, '', 2),
(410, 312, 60, '', 2),
(411, 313, 60, '', 2),
(412, 314, 60, '', 2),
(413, 315, 60, '', 2),
(414, 316, 60, '', 2),
(415, 317, 60, '', 2),
(416, 318, 60, '', 2),
(417, 319, 60, '', 2),
(418, 320, 60, '', 2),
(419, 321, 60, '', 2),
(420, 322, 60, '', 2),
(421, 323, 60, '', 2),
(422, 324, 60, '', 2),
(423, 325, 60, '', 2),
(424, 326, 60, '', 2),
(425, 327, 60, '', 2),
(426, 328, 60, '', 2),
(427, 329, 60, '', 2),
(428, 330, 60, '', 2),
(429, 331, 60, '', 2),
(430, 332, 60, '', 2),
(431, 333, 60, '', 2),
(432, 334, 60, '', 2),
(433, 335, 60, '', 2),
(434, 336, 60, '', 2),
(435, 337, 60, '', 2),
(436, 338, 60, '', 2),
(437, 339, 60, '', 2),
(438, 340, 60, '', 2),
(439, 341, 60, '', 2),
(440, 342, 60, '', 2),
(441, 343, 60, '', 2),
(442, 344, 60, '', 2),
(443, 345, 60, '', 2),
(444, 346, 60, '', 2),
(445, 347, 60, '', 2),
(446, 348, 60, '', 2),
(447, 349, 60, '', 2),
(448, 350, 60, '', 2),
(449, 351, 60, '', 2),
(450, 352, 60, '', 2),
(451, 353, 60, '', 2),
(452, 354, 60, '', 2),
(453, 355, 60, '', 2),
(454, 356, 60, '', 2),
(455, 357, 60, '', 2),
(456, 358, 60, '', 2),
(457, 359, 60, '', 2),
(458, 360, 60, '', 2),
(459, 361, 60, '', 2),
(460, 362, 60, '', 2),
(461, 363, 60, '', 2),
(462, 364, 60, '', 2),
(463, 365, 60, '', 2),
(464, 366, 60, '', 2),
(465, 367, 60, '', 2),
(466, 368, 60, '', 2),
(467, 369, 60, '', 2),
(468, 370, 60, '', 2),
(469, 371, 60, '', 2),
(470, 372, 60, '', 2),
(471, 373, 60, '', 2),
(472, 374, 60, '', 2),
(473, 375, 60, '', 2),
(474, 376, 60, '', 2),
(475, 377, 60, '', 2),
(476, 379, 60, '', 2),
(477, 380, 60, '', 2),
(478, 381, 60, '', 2),
(479, 382, 60, '', 2),
(480, 383, 60, '', 2),
(481, 384, 60, '', 2),
(482, 385, 60, '', 2),
(483, 386, 60, '', 2),
(484, 387, 60, '', 2),
(485, 388, 60, '', 2),
(486, 389, 60, '', 2),
(487, 390, 60, '', 2),
(488, 391, 60, '', 2),
(489, 392, 60, '', 2),
(490, 393, 60, '', 2),
(491, 394, 60, '', 2),
(492, 395, 60, '', 2),
(493, 396, 60, '', 2),
(494, 397, 60, '', 2),
(495, 398, 60, '', 2),
(496, 399, 60, '', 2),
(497, 400, 60, '', 2),
(498, 401, 60, '', 2),
(499, 402, 60, '', 2),
(500, 403, 60, '', 2),
(501, 404, 60, '', 2),
(502, 405, 60, '', 2),
(503, 406, 60, '', 2),
(504, 407, 60, '', 2),
(505, 408, 60, '', 2),
(506, 409, 60, '', 2),
(507, 410, 60, '', 2),
(508, 411, 60, '', 2),
(509, 412, 60, '', 2),
(510, 413, 60, '', 2),
(511, 414, 60, '', 2),
(512, 415, 60, '', 2),
(513, 416, 60, '', 2),
(514, 417, 60, '', 2),
(515, 418, 60, '', 2),
(516, 419, 60, '', 2),
(517, 420, 60, '', 2),
(518, 421, 60, '', 2),
(519, 308, 90, '', 3),
(520, 310, 90, '', 3),
(521, 311, 90, '', 3),
(522, 312, 90, '', 3),
(523, 313, 90, '', 3),
(524, 314, 90, '', 3),
(525, 315, 90, '', 3),
(526, 316, 90, '', 3),
(527, 317, 90, '', 3),
(528, 318, 90, '', 3),
(529, 319, 90, '', 3),
(530, 320, 90, '', 3),
(531, 321, 90, '', 3),
(532, 322, 90, '', 3),
(533, 323, 90, '', 3),
(534, 324, 90, '', 3),
(535, 325, 90, '', 3),
(536, 326, 90, '', 3),
(537, 327, 90, '', 3),
(538, 328, 90, '', 3),
(539, 329, 90, '', 3),
(540, 330, 90, '', 3),
(541, 331, 90, '', 3),
(542, 332, 90, '', 3),
(543, 333, 90, '', 3),
(544, 334, 90, '', 3),
(545, 335, 90, '', 3),
(546, 336, 90, '', 3),
(547, 337, 90, '', 3),
(548, 338, 90, '', 3),
(549, 339, 90, '', 3),
(550, 340, 90, '', 3),
(551, 341, 90, '', 3),
(552, 342, 90, '', 3),
(553, 343, 90, '', 3),
(554, 344, 90, '', 3),
(555, 345, 90, '', 3),
(556, 346, 90, '', 3),
(557, 347, 90, '', 3),
(558, 348, 90, '', 3),
(559, 349, 90, '', 3),
(560, 350, 90, '', 3),
(561, 351, 90, '', 3),
(562, 352, 90, '', 3),
(563, 353, 90, '', 3),
(564, 354, 90, '', 3),
(565, 355, 90, '', 3),
(566, 356, 90, '', 3),
(567, 357, 90, '', 3),
(568, 358, 90, '', 3),
(569, 359, 90, '', 3),
(570, 360, 90, '', 3),
(571, 361, 90, '', 3),
(572, 362, 90, '', 3),
(573, 363, 90, '', 3),
(574, 364, 90, '', 3),
(575, 365, 90, '', 3),
(576, 366, 90, '', 3),
(577, 367, 90, '', 3),
(578, 368, 90, '', 3),
(579, 369, 90, '', 3),
(580, 370, 90, '', 3),
(581, 371, 90, '', 3),
(582, 372, 90, '', 3),
(583, 373, 90, '', 3),
(584, 374, 90, '', 3),
(585, 375, 90, '', 3),
(586, 376, 90, '', 3),
(587, 377, 90, '', 3),
(588, 379, 90, '', 3),
(589, 380, 90, '', 3),
(590, 381, 90, '', 3),
(591, 382, 90, '', 3),
(592, 383, 90, '', 3),
(593, 384, 90, '', 3),
(594, 385, 90, '', 3),
(595, 386, 90, '', 3),
(596, 387, 90, '', 3),
(597, 388, 90, '', 3),
(598, 389, 90, '', 3),
(599, 390, 90, '', 3),
(600, 391, 90, '', 3),
(601, 392, 90, '', 3),
(602, 393, 90, '', 3),
(603, 394, 90, '', 3),
(604, 395, 90, '', 3),
(605, 396, 90, '', 3),
(606, 397, 90, '', 3),
(607, 398, 90, '', 3),
(608, 399, 90, '', 3),
(609, 400, 90, '', 3),
(610, 401, 90, '', 3),
(611, 402, 90, '', 3),
(612, 403, 90, '', 3),
(613, 404, 90, '', 3),
(614, 405, 90, '', 3),
(615, 406, 90, '', 3),
(616, 407, 90, '', 3),
(617, 408, 90, '', 3),
(618, 409, 90, '', 3),
(619, 410, 90, '', 3),
(620, 411, 90, '', 3),
(621, 412, 90, '', 3),
(622, 413, 90, '', 3),
(623, 414, 90, '', 3),
(624, 415, 90, '', 3),
(625, 416, 90, '', 3),
(626, 417, 90, '', 3),
(627, 418, 90, '', 3),
(628, 419, 90, '', 3),
(629, 420, 90, '', 3),
(630, 421, 90, '', 3);

-- --------------------------------------------------------

--
-- 表的结构 `fenfen_product`
--

CREATE TABLE IF NOT EXISTS `fenfen_product` (
  `product_id` int(64) NOT NULL AUTO_INCREMENT,
  `product_pid` int(64) NOT NULL DEFAULT '-1',
  `product_name` varchar(255) DEFAULT '',
  `product_order` int(11) DEFAULT '0',
  `product_hidden` tinyint(4) DEFAULT '0',
  `product_icon` varchar(100) DEFAULT '',
  `product_type` tinyint(4) DEFAULT '0',
  `update_time` double(16,0) DEFAULT '0',
  `product_version` tinyint(4) DEFAULT '0',
  `product_description` varchar(4000) DEFAULT '',
  `software_type_value` bigint(64) NOT NULL DEFAULT '0',
  PRIMARY KEY (`product_id`)
) ENGINE=InnoDB  DEFAULT CHARSET=utf8 AUTO_INCREMENT=422 ;

--
-- 转存表中的数据 `fenfen_product`
--

INSERT INTO `fenfen_product` (`product_id`, `product_pid`, `product_name`, `product_order`, `product_hidden`, `product_icon`, `product_type`, `update_time`, `product_version`, `product_description`, `software_type_value`) VALUES
(166, -1, '微软Windows系统基础', 1, 1, NULL, 0, NULL, NULL, '微软Windows系统基础', 12),
(167, -1, '微软Office办公软件', 2, 1, NULL, 0, NULL, NULL, '微软Office办公软件', 12),
(168, -1, '金山Office办公软件', 4, 1, NULL, 0, NULL, NULL, '金山Office办公软件', 12),
(169, -1, '其他相关科目', 3, 1, NULL, 0, NULL, NULL, '其他相关科目', 12),
(194, 192, '2015版执业药师(西药)资格', 0, 0, NULL, 1, NULL, NULL, '2015版执业药师(西药)资格', 12),
(198, -1, '教师资格考试', 0, 1, NULL, 0, NULL, NULL, '教师资格考试', 16),
(203, -1, '护士资格考试', 0, 1, NULL, 0, NULL, NULL, '护士资格考试', 32),
(205, 203, '护士实践能力', 0, 1, '', 1, NULL, 0, '', 32),
(206, -1, '外科系列', 0, 1, NULL, 0, NULL, NULL, NULL, 64),
(211, 206, '神经外科', 1, 1, '', 1, NULL, 0, '', 64),
(212, 206, '烧伤外科', 2, 1, '', 1, NULL, 0, '', 64),
(213, 206, '整形外科', 3, 1, '', 1, NULL, 0, '', 64),
(214, 206, '骨外科', 4, 1, '', 1, NULL, 0, '', 64),
(215, 206, '泌尿外科', 5, 1, '', 1, NULL, 0, '', 64),
(216, 206, '小儿外科', 6, 1, '', 1, NULL, 0, '', 64),
(217, 206, '普通外科', 7, 1, '', 1, NULL, 0, '', 64),
(218, -1, '内科系列', 0, 1, NULL, 0, NULL, NULL, NULL, 64),
(219, 218, '传染病学', 1, 1, '', 1, NULL, 0, '', 64),
(220, 218, '呼吸内科', 2, 1, '', 1, NULL, 0, '', 64),
(221, 218, '结核病学', 3, 1, '', 1, NULL, 0, '', 64),
(222, 218, '内分泌学', 4, 1, '', 1, NULL, 0, '', 64),
(223, 218, '神经内科', 5, 1, '', 1, NULL, 0, '', 64),
(224, 218, '肾内科', 6, 1, '', 1, NULL, 0, '', 64),
(225, 218, '消化内科', 7, 1, '', 1, NULL, 0, '', 64),
(226, 218, '心血管内科学', 0, 1, '', 1, NULL, 0, '', 64),
(227, -1, '中医系列', 0, 1, NULL, 0, NULL, NULL, NULL, 64),
(228, 227, '中西医结合内科', 1, 1, '', 1, NULL, 0, '', 64),
(229, 227, '中医耳鼻喉科', 2, 1, '', 1, NULL, 0, '', 64),
(230, 227, '中医妇科', 3, 1, '', 1, NULL, 0, '', 64),
(231, 227, '中医肛肠', 4, 1, '', 1, NULL, 0, '', 64),
(232, 227, '中医皮肤与性病学', 5, 1, '', 1, NULL, 0, '', 64),
(233, 227, '中医推拿', 6, 1, '', 1, NULL, 0, '', 64),
(234, 227, '中医外科', 7, 1, '', 1, NULL, 0, '', 64),
(235, 227, '中医眼科', 8, 1, '', 1, NULL, 0, '', 64),
(236, 227, '中医针灸', 9, 1, '', 1, NULL, 0, '', 64),
(237, 227, '中医骨伤科', 10, 1, '', 1, NULL, 0, '', 64),
(238, -1, '五官科系列', 0, 1, NULL, 0, NULL, NULL, NULL, 64),
(239, 238, '口腔颌面外科', 0, 1, '', 1, NULL, 0, '', 64),
(240, 238, '口腔内科', 0, 1, '', 1, NULL, 0, '', 64),
(241, 238, '口腔修复', 0, 1, '', 1, NULL, 0, '', 64),
(242, 238, '口腔医学', 0, 1, '', 1, NULL, 0, '', 64),
(243, 238, '口腔正畸', 0, 1, '', 1, NULL, 0, '', 64),
(244, 238, '眼科', 0, 1, '', 1, NULL, 0, '', 64),
(245, -1, '其他', 0, 1, NULL, 0, NULL, NULL, NULL, 64),
(246, 245, '病理学', 0, 1, '', 1, NULL, 0, '', 64),
(247, 245, '急诊医学', 0, 1, '', 1, NULL, 0, '', 64),
(248, 245, '精神病学', 0, 1, '', 1, NULL, 0, '', 64),
(249, 245, '老年医学', 0, 1, '', 1, NULL, 0, '', 64),
(250, 245, '麻醉学', 0, 1, '', 1, NULL, 0, '', 64),
(251, 245, '皮肤与性病学', 0, 1, '', 1, NULL, 0, '', 64),
(252, 245, '全科医学', 0, 1, '', 1, NULL, 0, '', 64),
(253, 245, '肿瘤学', 0, 1, '', 1, NULL, 0, '', 64),
(254, 245, '重症医学', 0, 1, '', 1, NULL, 0, '', 64),
(255, -1, '检验系列', 0, 1, NULL, 0, NULL, NULL, NULL, 64),
(256, 255, '理化检验技术', 0, 1, '', 1, NULL, 0, '', 64),
(257, 255, '临床医学检验临床化学', 0, 1, '', 1, NULL, 0, '', 64),
(258, 255, '临床医学检验临床化学技术', 0, 1, '', 1, NULL, 0, '', 64),
(259, 255, '临床医学检验临床基础检验', 0, 1, '', 1, NULL, 0, '', 64),
(260, 255, '临床医学检验临床基础检验技术', 0, 1, '', 1, NULL, 0, '', 64),
(261, 255, '临床医学检验临床血液', 0, 1, '', 1, NULL, 0, '', 64),
(262, 255, '临床医学检验临床血液技术', 0, 1, '', 1, NULL, 0, '', 64),
(263, 218, '内科学', 0, 1, '', 1, NULL, 0, '', 64),
(264, 218, '儿内科', 0, 1, '', 1, NULL, 0, '', 64),
(265, 218, '血液病学', 0, 1, '', 1, NULL, 0, '', 64),
(266, 255, '临床医学检验', 0, 1, '', 1, NULL, 0, '', 64),
(267, 255, '临床医学检验技术', 0, 1, '', 1, NULL, 0, '', 64),
(268, 255, '临床医学检验临床免疫', 0, 1, '', 1, NULL, 0, '', 64),
(269, 255, '临床医学检验临床免疫技术', 0, 1, '', 1, NULL, 0, '', 64),
(270, 255, '临床医学检验临床微生物', 0, 1, '', 1, NULL, 0, '', 64),
(271, 255, '临床医学检验临床微生物技术', 0, 1, '', 1, NULL, 0, '', 64),
(272, 245, '放射医学', 0, 1, '', 1, NULL, 0, '', 64),
(273, 227, '中西医结合外科', 0, 1, '', 1, NULL, 0, '', 64),
(274, 227, '中医儿科', 0, 1, '', 1, NULL, 0, '', 64),
(275, 227, '中医内科', 0, 1, '', 1, NULL, 0, '', 64),
(276, 227, '中医全科', 0, 1, '', 1, NULL, 0, '', 64),
(277, 238, '耳鼻咽喉科', 0, 1, '', 1, NULL, 0, '', 64),
(278, 206, '胸心外科', 0, 1, '', 1, NULL, 0, '', 64),
(279, -1, '护理系列', 0, 1, NULL, 0, NULL, NULL, NULL, 64),
(280, 279, '儿科护理', 0, 1, '', 1, NULL, 0, '', 64),
(281, 279, '妇产科护理', 0, 1, '', 1, NULL, 0, '', 64),
(282, 279, '护理学', 0, 1, '', 1, NULL, 0, '', 64),
(283, 279, '急救护理', 0, 1, '', 1, NULL, 0, '', 64),
(284, 279, '内科护理', 0, 1, '', 1, NULL, 0, '', 64),
(285, 279, '外科护理', 0, 1, '', 1, NULL, 0, '', 64),
(286, 279, '中医护理', 0, 1, '', 1, NULL, 0, '', 64),
(287, -1, '预防系列', 0, 1, NULL, 0, NULL, NULL, NULL, 64),
(288, 287, '环境卫生', 0, 1, '', 1, NULL, 0, '', 64),
(289, 287, '疾病控制', 0, 1, '', 1, NULL, 0, '', 64),
(290, 287, '学校卫生与儿少卫生', 0, 1, '', 1, NULL, 0, '', 64),
(291, 287, '营养与食品卫生', 0, 1, '', 1, NULL, 0, '', 64),
(292, 287, '预防疾控微生物检验技术', 0, 1, '', 1, NULL, 0, '', 64),
(293, 287, '职业卫生', 0, 1, '', 1, NULL, 0, '', 64),
(294, -1, '医技系列', 0, 1, NULL, 0, NULL, NULL, NULL, 64),
(295, 294, '超声医学与技术', 0, 1, '', 1, NULL, 0, '', 64),
(296, 294, '核医学与技术', 0, 1, '', 1, NULL, 0, '', 64),
(297, 294, '康复医学与技术', 0, 1, '', 1, NULL, 0, '', 64),
(298, 294, '输血技术', 0, 1, '', 1, NULL, 0, '', 64),
(299, 294, '心电学技术', 0, 1, '', 1, NULL, 0, '', 64),
(300, -1, '妇产科系列', 0, 1, NULL, 0, NULL, NULL, NULL, 64),
(301, -1, '药学系列', 0, 1, NULL, 0, NULL, NULL, NULL, 64),
(302, 301, '临床药学', 0, 1, '', 1, NULL, 0, '', 64),
(303, 301, '医院药学', 0, 1, '', 1, NULL, 0, '', 64),
(304, 301, '中药学', 0, 1, '', 1, NULL, 0, '', 64),
(305, 300, '妇产科', 0, 1, '', 1, NULL, 0, '', 64),
(306, 300, '妇女保健', 0, 1, '', 1, NULL, 0, '', 64),
(307, 300, '计划生育', 0, 1, '', 1, NULL, 0, '', 64),
(308, -1, '主治医师（内科系列）', 0, 1, NULL, 0, NULL, NULL, NULL, 128),
(310, 308, '2016版主治医师考试(内科)', 0, 1, '', 1, NULL, 0, '', 128),
(311, 308, '2016版主治医师考试(内分泌)', 0, 1, '', 1, NULL, 0, '', 128),
(312, 308, '2016版主治医师考试(肾内科)', 0, 1, '', 1, NULL, 0, '', 128),
(313, 308, '2016版主治医师考试(神经内科)', 0, 1, '', 1, NULL, 0, '', 128),
(314, 308, '2016版主治医师考试(消化内科)', 0, 1, '', 1, NULL, 0, '', 128),
(315, 308, '2016版主治医师考试(呼吸内科)', 0, 1, '', 1, NULL, 0, '', 128),
(316, 308, '2016版主治医师考试(心血管内科)', 0, 1, '', 1, NULL, 0, '', 128),
(317, 308, '2016版主治医师考试(血液病)', 0, 1, '', 1, NULL, 0, '', 128),
(318, 308, '2016版主治医师考试(结核病)', 0, 1, '', 1, NULL, 0, '', 128),
(319, 308, '2016版主治医师考试(传染病学)', 0, 1, '', 1, NULL, 0, '', 128),
(320, 308, '2016版主治医师考试(职业病)', 0, 1, '', 1, NULL, 0, '', 128),
(321, 308, '2016版主治医师考试(风湿与临床免疫学)', 0, 1, '', 1, NULL, 0, '', 128),
(322, -1, '主治医师（外科系列）', 0, 1, NULL, 0, NULL, NULL, NULL, 128),
(323, 322, '2016版主治医师考试(普通外科)', 0, 1, '', 1, NULL, 0, '', 128),
(324, 322, '2016版主治医师考试(胸心外科)', 0, 1, '', 1, NULL, 0, '', 128),
(325, 322, '2016版主治医师考试(神经外科)', 0, 1, '', 1, NULL, 0, '', 128),
(326, 322, '2016版主治医师考试(烧伤外科)', 0, 1, '', 1, NULL, 0, '', 128),
(327, 322, '2016版主治医师考试(小儿外科)', 0, 1, '', 1, NULL, 0, '', 128),
(328, 322, '2016版主治医师考试(泌尿外科)', 0, 1, '', 1, NULL, 0, '', 128),
(329, 322, '2016版主治医师考试(整形外科)', 0, 1, '', 1, NULL, 0, '', 128),
(330, 322, '2016版主治医师考试(骨外科学)', 0, 1, '', 1, NULL, 0, '', 128),
(331, -1, '主治医师（五官科系列）', 0, 1, NULL, 0, NULL, NULL, NULL, 128),
(332, 331, '2016版主治医师考试(耳鼻咽喉科)', 0, 1, '', 1, NULL, 0, '', 128),
(333, 331, '2016版主治医师考试(口腔颌面外科)', 0, 1, '', 1, NULL, 0, '', 128),
(334, 331, '2016版主治医师考试(口腔内科)', 0, 1, '', 1, NULL, 0, '', 128),
(335, 331, '2016版主治医师考试(口腔修复)', 0, 1, '', 1, NULL, 0, '', 128),
(336, 331, '2016版主治医师考试(口腔医学)', 0, 1, '', 1, NULL, 0, '', 128),
(337, 331, '2016版主治医师考试(口腔正畸)', 0, 1, '', 1, NULL, 0, '', 128),
(338, 331, '2016版主治医师考试(眼科)', 0, 1, '', 1, NULL, 0, '', 128),
(339, -1, '主治医师（妇产科系列）', 0, 1, NULL, 0, NULL, NULL, NULL, 128),
(340, 339, '2016版主治医师考试(妇产科)', 0, 1, '', 1, NULL, 0, '', 128),
(341, 339, '2016版主治医师考试(妇幼保健)', 0, 1, '', 1, NULL, 0, '', 128),
(342, 339, '2016版主治医师考试(计划生育)', 0, 1, '', 1, NULL, 0, '', 128),
(343, -1, '主治医师（预防系列）', 0, 1, NULL, 0, NULL, NULL, NULL, 128),
(344, 343, '2016版主治医师考试(预防医学)', 0, 1, '', 1, NULL, 0, '', 128),
(345, 343, '2016版主治医师考试(公共卫生)', 0, 1, '', 1, NULL, 0, '', 128),
(346, 343, '2016版主治医师考试(疾病控制)', 0, 1, '', 1, NULL, 0, '', 128),
(347, 343, '2016版主治医师考试(健康教育)', 0, 1, '', 1, NULL, 0, '', 128),
(348, 343, '2016版主治医师考试(职业卫生)', 0, 1, '', 1, NULL, 0, '', 128),
(349, -1, '医学中级（药学职称）', 0, 1, NULL, 0, NULL, NULL, NULL, 128),
(350, 349, '2016版药剂士', 0, 1, '', 1, NULL, 0, '', 128),
(351, 349, '2016版药剂师', 0, 1, '', 1, NULL, 0, '', 128),
(352, 349, '2016版主管药师', 0, 1, '', 1, NULL, 0, '', 128),
(353, 349, '2016版中药士', 0, 1, '', 1, NULL, 0, '', 128),
(354, 349, '2016版中药师', 0, 1, '', 1, NULL, 0, '', 128),
(355, 349, '2016版主管中药师', 0, 1, '', 1, NULL, 0, '', 128),
(356, -1, '医学中级（护士考试）', 0, 1, NULL, 0, NULL, NULL, NULL, 128),
(357, 356, '2016版执业护士资格', 0, 1, '', 1, NULL, 0, '', 128),
(358, 356, '2016版主管护师', 0, 1, '', 1, NULL, 0, '', 128),
(359, 356, '2016版护理学(护师)', 0, 1, '', 1, NULL, 0, '', 128),
(360, 356, '2016版主管护师(儿科护理)', 0, 1, '', 1, NULL, 0, '', 128),
(361, 356, '2016版主管护师(妇产科护理)', 0, 1, '', 1, NULL, 0, '', 128),
(362, 356, '2016版主管护师(社区护理)', 0, 1, '', 1, NULL, 0, '', 128),
(363, 356, '2016版主管护师(内科护理)', 0, 1, '', 1, NULL, 0, '', 128),
(364, 356, '2016版主管护师(外科护理)', 0, 1, '', 1, NULL, 0, '', 128),
(365, -1, '主治医师（中医系列）', 0, 1, NULL, 0, NULL, NULL, NULL, 128),
(366, 365, '2016版主治医师考试(中医全科)', 0, 1, '', 1, NULL, 0, '', 128),
(367, 365, '2016版主治医师考试(推拿按摩)', 0, 1, '', 1, NULL, 0, '', 128),
(368, 365, '2016版主治医师考试(中西医结合骨伤科)', 0, 1, '', 1, NULL, 0, '', 128),
(369, 365, '2016版主治医师考试(中医儿科)', 0, 1, '', 1, NULL, 0, '', 128),
(370, 365, '2016版主治医师考试(中医耳鼻喉科)', 0, 1, '', 1, NULL, 0, '', 128),
(371, 365, '2016版主治医师考试(中医妇科)', 0, 1, '', 1, NULL, 0, '', 128),
(372, 365, '2016版主治医师考试(中医肛肠科)', 0, 1, '', 1, NULL, 0, '', 128),
(373, 365, '2016版主治医师考试(中医内科)', 0, 1, '', 1, NULL, 0, '', 128),
(374, 365, '2016版主治医师考试(中医外科)', 0, 1, '', 1, NULL, 0, '', 128),
(375, 365, '2016版主治医师考试(中医眼科)', 0, 1, '', 1, NULL, 0, '', 128),
(376, 365, '2016版主治医师考试(中医针灸)', 0, 1, '', 1, NULL, 0, '', 128),
(377, 365, '2016版主治医师考试(中西医结合内科)', 0, 1, '', 1, NULL, 0, '', 128),
(379, 365, '2016版主治医师考试(中医皮肤与性病学)', 0, 1, '', 1, NULL, 0, '', 128),
(380, 365, '2016版主治医师考试(中西医结合外科)', 0, 1, '', 1, NULL, 0, '', 128),
(381, 365, '2016版主治医师考试(中医骨伤科)', 0, 1, '', 1, NULL, 0, '', 128),
(382, -1, '主治医师（其他）', 0, 1, NULL, 0, NULL, NULL, NULL, 128),
(383, 382, '2016版主治医师考试(病理学)', 0, 1, '', 1, NULL, 0, '', 128),
(384, 382, '2016版主治医师考试(超声波医学)', 0, 1, '', 1, NULL, 0, '', 128),
(385, 382, '2016版主治医师考试(儿科)', 0, 1, '', 1, NULL, 0, '', 128),
(386, 382, '2016版主治医师考试(放射医学)', 0, 1, '', 1, NULL, 0, '', 128),
(387, 382, '2016版主治医师考试(核医学)', 0, 1, '', 1, NULL, 0, '', 128),
(388, 382, '2016版主治医师考试(精神病学)', 0, 1, '', 1, NULL, 0, '', 128),
(389, 382, '2016版主治医师考试(康复医学)', 0, 1, '', 1, NULL, 0, '', 128),
(390, 382, '2016版主治医师考试(临床医学检验学)', 0, 1, '', 1, NULL, 0, '', 128),
(391, 382, '2016版主治医师考试(麻醉)', 0, 1, '', 1, NULL, 0, '', 128),
(392, 382, '2016版主治医师考试(皮肤与性病学)', 0, 1, '', 1, NULL, 0, '', 128),
(393, 382, '2016版主治医师考试(全科医学)', 0, 1, '', 1, NULL, 0, '', 128),
(394, 382, '2016版主治医师考试(疼痛学)', 0, 1, '', 1, NULL, 0, '', 128),
(395, 382, '2016版主治医师考试(营养学)', 0, 1, '', 1, NULL, 0, '', 128),
(396, 382, '2016版主治医师考试(肿瘤学)', 0, 1, '', 1, NULL, 0, '', 128),
(397, 382, '2016版主治医师考试(重症医学)', 0, 1, '', 1, NULL, 0, '', 128),
(398, -1, '医学中级（医技考试）', 0, 1, NULL, 0, NULL, NULL, NULL, 128),
(399, 398, '2016版主管技师考试(超声波医学与技术)', 0, 1, '', 1, NULL, 0, '', 128),
(400, 398, '2016版病案信息技术(师)', 0, 1, '', 1, NULL, 0, '', 128),
(401, 398, '2016版病案信息技术(士)', 0, 1, '', 1, NULL, 0, '', 128),
(402, 398, '2016版放射医学技术(师)', 0, 1, '', 1, NULL, 0, '', 128),
(403, 398, '2016版放射医学技术(士)', 0, 1, '', 1, NULL, 0, '', 128),
(404, 398, '2016版康复医学治疗技术(士)', 0, 1, '', 1, NULL, 0, '', 128),
(405, 398, '2016版口腔医学技术(士)', 0, 1, '', 1, NULL, 0, '', 128),
(406, 398, '2016版临床医学检验技术(师)', 0, 1, '', 1, NULL, 0, '', 128),
(407, 398, '2016版临床医学检验技术(士)', 0, 1, '', 1, NULL, 0, '', 128),
(408, 398, '2016版主管技师考试(病案信息技术)', 0, 1, '', 1, NULL, 0, '', 128),
(409, 398, '2016版主管技师考试(病理学技术)', 0, 1, '', 1, NULL, 0, '', 128),
(410, 398, '2016版主管技师考试(放射医学技术)', 0, 1, '', 1, NULL, 0, '', 128),
(411, 398, '2016版主管技师考试(核医学技术)', 0, 1, '', 1, NULL, 0, '', 128),
(412, 398, '2016版主管技师考试(康复医学治疗技术)', 0, 1, '', 1, NULL, 0, '', 128),
(413, 398, '2016版主管技师考试(口腔医学技术)', 0, 1, '', 1, NULL, 0, '', 128),
(414, 398, '2016版主管技师考试(理化检验技术)', 0, 1, '', 1, NULL, 0, '', 128),
(415, 398, '2016版主管技师考试(临床医学检验技术)', 0, 1, '', 1, NULL, 0, '', 128),
(416, 398, '2016版主管技师考试(输血技术)', 0, 1, '', 1, NULL, 0, '', 128),
(417, 398, '2016版主管技师考试(微生物检验技术)', 0, 1, '', 1, NULL, 0, '', 128),
(418, 398, '2016版主管技师考试(消毒技术)', 0, 1, '', 1, NULL, 0, '', 128),
(419, 398, '2016版主管技师考试(心电学技术)', 0, 1, '', 1, NULL, 0, '', 128),
(420, 398, '2016版主管技师考试(心理治疗)', 0, 1, '', 1, NULL, 0, '', 128),
(421, 398, '2016版主管技师考试(肿瘤放射治疗技术)', 0, 1, '', 1, NULL, 0, '', 128);

-- --------------------------------------------------------

--
-- 表的结构 `fenfen_purchases`
--

CREATE TABLE IF NOT EXISTS `fenfen_purchases` (
  `purchases_id` bigint(128) NOT NULL AUTO_INCREMENT,
  `user_id` bigint(128) NOT NULL,
  `purchases_time` double(16,0) NOT NULL,
  `store_price` double(64,0) NOT NULL,
  `transaction_Identifier` varchar(50) NOT NULL,
  `local` varchar(25) NOT NULL,
  PRIMARY KEY (`purchases_id`)
) ENGINE=InnoDB  DEFAULT CHARSET=utf8 AUTO_INCREMENT=9 ;

--
-- 转存表中的数据 `fenfen_purchases`
--

INSERT INTO `fenfen_purchases` (`purchases_id`, `user_id`, `purchases_time`, `store_price`, `transaction_Identifier`, `local`) VALUES
(2, 1, 1451206521, 68, 'coin_68', 'zh_CN@currency=CNY'),
(3, 1, 1452067862, 12, 'coin_12', 'zh_CN@currency=CNY'),
(4, 1, 1452068078, 12, 'coin_12', 'zh_CN@currency=CNY'),
(5, 1, 1452090154, 12, 'coin_12', 'zh_CN@currency=CNY'),
(6, 1, 1452091248, 68, 'coin_68', 'zh_CN@currency=CNY'),
(7, 1, 1452091493, 12, 'coin_12', 'zh_CN@currency=CNY'),
(8, 1, 1452091726, 12, 'coin_12', 'zh_CN@currency=CNY');

-- --------------------------------------------------------

--
-- 表的结构 `fenfen_regist`
--

CREATE TABLE IF NOT EXISTS `fenfen_regist` (
  `id` bigint(64) NOT NULL AUTO_INCREMENT,
  `user_id` bigint(128) NOT NULL,
  `product_id` int(16) NOT NULL,
  `purchases_time` double NOT NULL,
  `valid_time` double(16,0) NOT NULL,
  `expire_time` double NOT NULL,
  `effective_type` tinyint(4) NOT NULL,
  PRIMARY KEY (`id`)
) ENGINE=InnoDB  DEFAULT CHARSET=utf8 AUTO_INCREMENT=2 ;

--
-- 转存表中的数据 `fenfen_regist`
--

INSERT INTO `fenfen_regist` (`id`, `user_id`, `product_id`, `purchases_time`, `valid_time`, `expire_time`, `effective_type`) VALUES
(1, 1, 205, 0, 0, 0, 0);

-- --------------------------------------------------------

--
-- 表的结构 `fenfen_software_type`
--

CREATE TABLE IF NOT EXISTS `fenfen_software_type` (
  `software_name` varchar(255) NOT NULL,
  `software_type_value` bigint(64) NOT NULL
) ENGINE=InnoDB DEFAULT CHARSET=utf8;

-- --------------------------------------------------------

--
-- 表的结构 `fenfen_users`
--

CREATE TABLE IF NOT EXISTS `fenfen_users` (
  `uid` bigint(128) NOT NULL AUTO_INCREMENT,
  `username` varchar(255) DEFAULT '',
  `phone_number` varchar(25) NOT NULL,
  `password` varchar(255) NOT NULL,
  `balance` double DEFAULT '0',
  `score` double DEFAULT '0',
  `status` tinyint(4) DEFAULT '0',
  PRIMARY KEY (`uid`)
) ENGINE=InnoDB  DEFAULT CHARSET=utf8 AUTO_INCREMENT=8 ;

--
-- 转存表中的数据 `fenfen_users`
--

INSERT INTO `fenfen_users` (`uid`, `username`, `phone_number`, `password`, `balance`, `score`, `status`) VALUES
(1, 'sug3rs', '15504307570', 'a6f69d4ec6f936e6cdc7cb9ebcfb81f2', 9333, 0, 1),
(7, NULL, '13298894008', '4eae35f1b35977a00ebd8086c259d4c9', 10, 0, 1);

-- --------------------------------------------------------

--
-- 表的结构 `ff_effectives`
--

CREATE TABLE IF NOT EXISTS `ff_effectives` (
  `Id` tinyint(4) NOT NULL AUTO_INCREMENT,
  `days` int(11) NOT NULL,
  `description` varchar(255) NOT NULL,
  PRIMARY KEY (`Id`)
) ENGINE=InnoDB  DEFAULT CHARSET=utf8 AUTO_INCREMENT=4 ;

--
-- 转存表中的数据 `ff_effectives`
--

INSERT INTO `ff_effectives` (`Id`, `days`, `description`) VALUES
(1, 30, '月卡'),
(2, 90, '季卡'),
(3, 365, '年卡');

-- --------------------------------------------------------

--
-- 表的结构 `ff_msgchecks`
--

CREATE TABLE IF NOT EXISTS `ff_msgchecks` (
  `Id` bigint(128) NOT NULL AUTO_INCREMENT,
  `phone_number` varchar(25) NOT NULL,
  `checkcode` varchar(20) NOT NULL,
  `present_time` double NOT NULL,
  `status` int(11) NOT NULL,
  `flag` int(11) NOT NULL,
  PRIMARY KEY (`Id`)
) ENGINE=InnoDB  DEFAULT CHARSET=latin1 AUTO_INCREMENT=20 ;

--
-- 转存表中的数据 `ff_msgchecks`
--

INSERT INTO `ff_msgchecks` (`Id`, `phone_number`, `checkcode`, `present_time`, `status`, `flag`) VALUES
(1, '18684328731', '0152', 1461116651, 1, 0),
(2, '11111111111', '0000', 1461116651, 1, 0),
(3, '18684328731', '0153', 1461116651, 1, 0),
(4, '00000000000', '1111', 1461116651, 1, 1),
(5, '18684328731', '0123', 1461117376, 1, 1),
(6, '18686652964', '4352', 1461134050, 1, 0),
(19, '17767719001', '1234', 1459315745, 1, 0);

-- --------------------------------------------------------

--
-- 表的结构 `ff_presents`
--

CREATE TABLE IF NOT EXISTS `ff_presents` (
  `Id` int(128) NOT NULL AUTO_INCREMENT,
  `user_id` bigint(128) NOT NULL,
  `present_time` double(16,0) NOT NULL,
  `score` int(64) NOT NULL,
  PRIMARY KEY (`Id`)
) ENGINE=InnoDB  DEFAULT CHARSET=latin1 AUTO_INCREMENT=43 ;

--
-- 转存表中的数据 `ff_presents`
--

INSERT INTO `ff_presents` (`Id`, `user_id`, `present_time`, `score`) VALUES
(33, 27, 1459406370, 10),
(34, 27, 1459479347, 10),
(35, 27, 1459479404, 10),
(36, 27, 1459479415, 10),
(37, 27, 1459479428, 10),
(38, 27, 1459479438, 10),
(39, 27, 1459479447, 10),
(40, 27, 1459820882, 10),
(41, 27, 1459820897, 10),
(42, 27, 1461225508, 50);

-- --------------------------------------------------------

--
-- 表的结构 `ff_prices`
--

CREATE TABLE IF NOT EXISTS `ff_prices` (
  `Id` int(64) NOT NULL AUTO_INCREMENT,
  `product_id` int(64) NOT NULL,
  `product_price` double(16,0) NOT NULL,
  `price_description` varchar(255) DEFAULT '',
  `effective_id` tinyint(4) NOT NULL,
  PRIMARY KEY (`Id`)
) ENGINE=InnoDB  DEFAULT CHARSET=utf8 AUTO_INCREMENT=631 ;

--
-- 转存表中的数据 `ff_prices`
--

INSERT INTO `ff_prices` (`Id`, `product_id`, `product_price`, `price_description`, `effective_id`) VALUES
(1, 206, 120, '', 3),
(2, 211, 120, '', 3),
(3, 212, 120, '', 3),
(4, 213, 120, '', 3),
(5, 214, 120, '', 3),
(6, 215, 120, '', 3),
(7, 216, 120, '', 3),
(8, 217, 120, '', 3),
(9, 218, 120, '', 3),
(10, 219, 120, '', 3),
(11, 220, 120, '', 3),
(12, 221, 120, '', 3),
(13, 222, 120, '', 3),
(14, 223, 120, '', 3),
(15, 224, 120, '', 3),
(16, 225, 120, '', 3),
(17, 226, 120, '', 3),
(18, 227, 120, '', 3),
(19, 228, 120, '', 3),
(20, 229, 120, '', 3),
(21, 230, 120, '', 3),
(22, 231, 120, '', 3),
(23, 232, 120, '', 3),
(24, 233, 120, '', 3),
(25, 234, 120, '', 3),
(26, 235, 120, '', 3),
(27, 236, 120, '', 3),
(28, 237, 120, '', 3),
(29, 238, 120, '', 3),
(30, 239, 120, '', 3),
(31, 240, 120, '', 3),
(32, 241, 120, '', 3),
(33, 242, 120, '', 3),
(34, 243, 120, '', 3),
(35, 244, 120, '', 3),
(36, 245, 120, '', 3),
(37, 246, 120, '', 3),
(38, 247, 120, '', 3),
(39, 248, 120, '', 3),
(40, 249, 120, '', 3),
(41, 250, 120, '', 3),
(42, 251, 120, '', 3),
(43, 252, 120, '', 3),
(44, 253, 120, '', 3),
(45, 254, 120, '', 3),
(46, 255, 120, '', 3),
(47, 256, 120, '', 3),
(48, 257, 120, '', 3),
(49, 258, 120, '', 3),
(50, 259, 120, '', 3),
(51, 260, 120, '', 3),
(52, 261, 120, '', 3),
(53, 262, 120, '', 3),
(54, 263, 120, '', 3),
(55, 264, 120, '', 3),
(56, 265, 120, '', 3),
(57, 266, 120, '', 3),
(58, 267, 120, '', 3),
(59, 268, 120, '', 3),
(60, 269, 120, '', 3),
(61, 270, 120, '', 3),
(62, 271, 120, '', 3),
(63, 272, 120, '', 3),
(64, 273, 120, '', 3),
(65, 274, 120, '', 3),
(66, 275, 120, '', 3),
(67, 276, 120, '', 3),
(68, 277, 120, '', 3),
(69, 278, 120, '', 3),
(70, 279, 120, '', 3),
(71, 280, 120, '', 3),
(72, 281, 120, '', 3),
(73, 282, 120, '', 3),
(74, 283, 120, '', 3),
(75, 284, 120, '', 3),
(76, 285, 120, '', 3),
(77, 286, 120, '', 3),
(78, 287, 120, '', 3),
(79, 288, 120, '', 3),
(80, 289, 120, '', 3),
(81, 290, 120, '', 3),
(82, 291, 120, '', 3),
(83, 292, 120, '', 3),
(84, 293, 120, '', 3),
(85, 294, 120, '', 3),
(86, 295, 120, '', 3),
(87, 296, 120, '', 3),
(88, 297, 120, '', 3),
(89, 298, 120, '', 3),
(90, 299, 120, '', 3),
(91, 300, 120, '', 3),
(92, 301, 120, '', 3),
(93, 302, 120, '', 3),
(94, 303, 120, '', 3),
(95, 304, 120, '', 3),
(96, 305, 120, '', 3),
(97, 306, 120, '', 3),
(98, 307, 120, '', 3),
(99, 206, 90, '', 2),
(100, 211, 90, '', 2),
(101, 212, 90, '', 2),
(102, 213, 90, '', 2),
(103, 214, 90, '', 2),
(104, 215, 90, '', 2),
(105, 216, 90, '', 2),
(106, 217, 90, '', 2),
(107, 218, 90, '', 2),
(108, 219, 90, '', 2),
(109, 220, 90, '', 2),
(110, 221, 90, '', 2),
(111, 222, 90, '', 2),
(112, 223, 90, '', 2),
(113, 224, 90, '', 2),
(114, 225, 90, '', 2),
(115, 226, 90, '', 2),
(116, 227, 90, '', 2),
(117, 228, 90, '', 2),
(118, 229, 90, '', 2),
(119, 230, 90, '', 2),
(120, 231, 90, '', 2),
(121, 232, 90, '', 2),
(122, 233, 90, '', 2),
(123, 234, 90, '', 2),
(124, 235, 90, '', 2),
(125, 236, 90, '', 2),
(126, 237, 90, '', 2),
(127, 238, 90, '', 2),
(128, 239, 90, '', 2),
(129, 240, 90, '', 2),
(130, 241, 90, '', 2),
(131, 242, 90, '', 2),
(132, 243, 90, '', 2),
(133, 244, 90, '', 2),
(134, 245, 90, '', 2),
(135, 246, 90, '', 2),
(136, 247, 90, '', 2),
(137, 248, 90, '', 2),
(138, 249, 90, '', 2),
(139, 250, 90, '', 2),
(140, 251, 90, '', 2),
(141, 252, 90, '', 2),
(142, 253, 90, '', 2),
(143, 254, 90, '', 2),
(144, 255, 90, '', 2),
(145, 256, 90, '', 2),
(146, 257, 90, '', 2),
(147, 258, 90, '', 2),
(148, 259, 90, '', 2),
(149, 260, 90, '', 2),
(150, 261, 90, '', 2),
(151, 262, 90, '', 2),
(152, 263, 90, '', 2),
(153, 264, 90, '', 2),
(154, 265, 90, '', 2),
(155, 266, 90, '', 2),
(156, 267, 90, '', 2),
(157, 268, 90, '', 2),
(158, 269, 90, '', 2),
(159, 270, 90, '', 2),
(160, 271, 90, '', 2),
(161, 272, 90, '', 2),
(162, 273, 90, '', 2),
(163, 274, 90, '', 2),
(164, 275, 90, '', 2),
(165, 276, 90, '', 2),
(166, 277, 90, '', 2),
(167, 278, 90, '', 2),
(168, 279, 90, '', 2),
(169, 280, 90, '', 2),
(170, 281, 90, '', 2),
(171, 282, 90, '', 2),
(172, 283, 90, '', 2),
(173, 284, 90, '', 2),
(174, 285, 90, '', 2),
(175, 286, 90, '', 2),
(176, 287, 90, '', 2),
(177, 288, 90, '', 2),
(178, 289, 90, '', 2),
(179, 290, 90, '', 2),
(180, 291, 90, '', 2),
(181, 292, 90, '', 2),
(182, 293, 90, '', 2),
(183, 294, 90, '', 2),
(184, 295, 90, '', 2),
(185, 296, 90, '', 2),
(186, 297, 90, '', 2),
(187, 298, 90, '', 2),
(188, 299, 90, '', 2),
(189, 300, 90, '', 2),
(190, 301, 90, '', 2),
(191, 302, 90, '', 2),
(192, 303, 90, '', 2),
(193, 304, 90, '', 2),
(194, 305, 90, '', 2),
(195, 306, 90, '', 2),
(196, 307, 90, '', 2),
(197, 206, 60, '', 1),
(198, 211, 60, '', 1),
(199, 212, 60, '', 1),
(200, 213, 60, '', 1),
(201, 214, 60, '', 1),
(202, 215, 60, '', 1),
(203, 216, 60, '', 1),
(204, 217, 60, '', 1),
(205, 218, 60, '', 1),
(206, 219, 60, '', 1),
(207, 220, 60, '', 1),
(208, 221, 60, '', 1),
(209, 222, 60, '', 1),
(210, 223, 60, '', 1),
(211, 224, 60, '', 1),
(212, 225, 60, '', 1),
(213, 226, 60, '', 1),
(214, 227, 60, '', 1),
(215, 228, 60, '', 1),
(216, 229, 60, '', 1),
(217, 230, 60, '', 1),
(218, 231, 60, '', 1),
(219, 232, 60, '', 1),
(220, 233, 60, '', 1),
(221, 234, 60, '', 1),
(222, 235, 60, '', 1),
(223, 236, 60, '', 1),
(224, 237, 60, '', 1),
(225, 238, 60, '', 1),
(226, 239, 60, '', 1),
(227, 240, 60, '', 1),
(228, 241, 60, '', 1),
(229, 242, 60, '', 1),
(230, 243, 60, '', 1),
(231, 244, 60, '', 1),
(232, 245, 60, '', 1),
(233, 246, 60, '', 1),
(234, 247, 60, '', 1),
(235, 248, 60, '', 1),
(236, 249, 60, '', 1),
(237, 250, 60, '', 1),
(238, 251, 60, '', 1),
(239, 252, 60, '', 1),
(240, 253, 60, '', 1),
(241, 254, 60, '', 1),
(242, 255, 60, '', 1),
(243, 256, 60, '', 1),
(244, 257, 60, '', 1),
(245, 258, 60, '', 1),
(246, 259, 60, '', 1),
(247, 260, 60, '', 1),
(248, 261, 60, '', 1),
(249, 262, 60, '', 1),
(250, 263, 60, '', 1),
(251, 264, 60, '', 1),
(252, 265, 60, '', 1),
(253, 266, 60, '', 1),
(254, 267, 60, '', 1),
(255, 268, 60, '', 1),
(256, 269, 60, '', 1),
(257, 270, 60, '', 1),
(258, 271, 60, '', 1),
(259, 272, 60, '', 1),
(260, 273, 60, '', 1),
(261, 274, 60, '', 1),
(262, 275, 60, '', 1),
(263, 276, 60, '', 1),
(264, 277, 60, '', 1),
(265, 278, 60, '', 1),
(266, 279, 60, '', 1),
(267, 280, 60, '', 1),
(268, 281, 60, '', 1),
(269, 282, 60, '', 1),
(270, 283, 60, '', 1),
(271, 284, 60, '', 1),
(272, 285, 60, '', 1),
(273, 286, 60, '', 1),
(274, 287, 60, '', 1),
(275, 288, 60, '', 1),
(276, 289, 60, '', 1),
(277, 290, 60, '', 1),
(278, 291, 60, '', 1),
(279, 292, 60, '', 1),
(280, 293, 60, '', 1),
(281, 294, 60, '', 1),
(282, 295, 60, '', 1),
(283, 296, 60, '', 1),
(284, 297, 60, '', 1),
(285, 298, 60, '', 1),
(286, 299, 60, '', 1),
(287, 300, 60, '', 1),
(288, 301, 60, '', 1),
(289, 302, 60, '', 1),
(290, 303, 60, '', 1),
(291, 304, 60, '', 1),
(292, 305, 60, '', 1),
(293, 306, 60, '', 1),
(294, 307, 60, '', 1),
(295, 308, 45, '', 1),
(296, 310, 45, '', 1),
(297, 311, 45, '', 1),
(298, 312, 45, '', 1),
(299, 313, 45, '', 1),
(300, 314, 45, '', 1),
(301, 315, 45, '', 1),
(302, 316, 45, '', 1),
(303, 317, 45, '', 1),
(304, 318, 45, '', 1),
(305, 319, 45, '', 1),
(306, 320, 45, '', 1),
(307, 321, 45, '', 1),
(308, 322, 45, '', 1),
(309, 323, 45, '', 1),
(310, 324, 45, '', 1),
(311, 325, 45, '', 1),
(312, 326, 45, '', 1),
(313, 327, 45, '', 1),
(314, 328, 45, '', 1),
(315, 329, 45, '', 1),
(316, 330, 45, '', 1),
(317, 331, 45, '', 1),
(318, 332, 45, '', 1),
(319, 333, 45, '', 1),
(320, 334, 45, '', 1),
(321, 335, 45, '', 1),
(322, 336, 45, '', 1),
(323, 337, 45, '', 1),
(324, 338, 45, '', 1),
(325, 339, 45, '', 1),
(326, 340, 45, '', 1),
(327, 341, 45, '', 1),
(328, 342, 45, '', 1),
(329, 343, 45, '', 1),
(330, 344, 45, '', 1),
(331, 345, 45, '', 1),
(332, 346, 45, '', 1),
(333, 347, 45, '', 1),
(334, 348, 45, '', 1),
(335, 349, 45, '', 1),
(336, 350, 45, '', 1),
(337, 351, 45, '', 1),
(338, 352, 45, '', 1),
(339, 353, 45, '', 1),
(340, 354, 45, '', 1),
(341, 355, 45, '', 1),
(342, 356, 45, '', 1),
(343, 357, 45, '', 1),
(344, 358, 45, '', 1),
(345, 359, 45, '', 1),
(346, 360, 45, '', 1),
(347, 361, 45, '', 1),
(348, 362, 45, '', 1),
(349, 363, 45, '', 1),
(350, 364, 45, '', 1),
(351, 365, 45, '', 1),
(352, 366, 45, '', 1),
(353, 367, 45, '', 1),
(354, 368, 45, '', 1),
(355, 369, 45, '', 1),
(356, 370, 45, '', 1),
(357, 371, 45, '', 1),
(358, 372, 45, '', 1),
(359, 373, 45, '', 1),
(360, 374, 45, '', 1),
(361, 375, 45, '', 1),
(362, 376, 45, '', 1),
(363, 377, 45, '', 1),
(364, 379, 45, '', 1),
(365, 380, 45, '', 1),
(366, 381, 45, '', 1),
(367, 382, 45, '', 1),
(368, 383, 45, '', 1),
(369, 384, 45, '', 1),
(370, 385, 45, '', 1),
(371, 386, 45, '', 1),
(372, 387, 45, '', 1),
(373, 388, 45, '', 1),
(374, 389, 45, '', 1),
(375, 390, 45, '', 1),
(376, 391, 45, '', 1),
(377, 392, 45, '', 1),
(378, 393, 45, '', 1),
(379, 394, 45, '', 1),
(380, 395, 45, '', 1),
(381, 396, 45, '', 1),
(382, 397, 45, '', 1),
(383, 398, 45, '', 1),
(384, 399, 45, '', 1),
(385, 400, 45, '', 1),
(386, 401, 45, '', 1),
(387, 402, 45, '', 1),
(388, 403, 45, '', 1),
(389, 404, 45, '', 1),
(390, 405, 45, '', 1),
(391, 406, 45, '', 1),
(392, 407, 45, '', 1),
(393, 408, 45, '', 1),
(394, 409, 45, '', 1),
(395, 410, 45, '', 1),
(396, 411, 45, '', 1),
(397, 412, 45, '', 1),
(398, 413, 45, '', 1),
(399, 414, 45, '', 1),
(400, 415, 45, '', 1),
(401, 416, 45, '', 1),
(402, 417, 45, '', 1),
(403, 418, 45, '', 1),
(404, 419, 45, '', 1),
(405, 420, 45, '', 1),
(406, 421, 45, '', 1),
(407, 308, 60, '', 2),
(408, 310, 60, '', 2),
(409, 311, 60, '', 2),
(410, 312, 60, '', 2),
(411, 313, 60, '', 2),
(412, 314, 60, '', 2),
(413, 315, 60, '', 2),
(414, 316, 60, '', 2),
(415, 317, 60, '', 2),
(416, 318, 60, '', 2),
(417, 319, 60, '', 2),
(418, 320, 60, '', 2),
(419, 321, 60, '', 2),
(420, 322, 60, '', 2),
(421, 323, 60, '', 2),
(422, 324, 60, '', 2),
(423, 325, 60, '', 2),
(424, 326, 60, '', 2),
(425, 327, 60, '', 2),
(426, 328, 60, '', 2),
(427, 329, 60, '', 2),
(428, 330, 60, '', 2),
(429, 331, 60, '', 2),
(430, 332, 60, '', 2),
(431, 333, 60, '', 2),
(432, 334, 60, '', 2),
(433, 335, 60, '', 2),
(434, 336, 60, '', 2),
(435, 337, 60, '', 2),
(436, 338, 60, '', 2),
(437, 339, 60, '', 2),
(438, 340, 60, '', 2),
(439, 341, 60, '', 2),
(440, 342, 60, '', 2),
(441, 343, 60, '', 2),
(442, 344, 60, '', 2),
(443, 345, 60, '', 2),
(444, 346, 60, '', 2),
(445, 347, 60, '', 2),
(446, 348, 60, '', 2),
(447, 349, 60, '', 2),
(448, 350, 60, '', 2),
(449, 351, 60, '', 2),
(450, 352, 60, '', 2),
(451, 353, 60, '', 2),
(452, 354, 60, '', 2),
(453, 355, 60, '', 2),
(454, 356, 60, '', 2),
(455, 357, 60, '', 2),
(456, 358, 60, '', 2),
(457, 359, 60, '', 2),
(458, 360, 60, '', 2),
(459, 361, 60, '', 2),
(460, 362, 60, '', 2),
(461, 363, 60, '', 2),
(462, 364, 60, '', 2),
(463, 365, 60, '', 2),
(464, 366, 60, '', 2),
(465, 367, 60, '', 2),
(466, 368, 60, '', 2),
(467, 369, 60, '', 2),
(468, 370, 60, '', 2),
(469, 371, 60, '', 2),
(470, 372, 60, '', 2),
(471, 373, 60, '', 2),
(472, 374, 60, '', 2),
(473, 375, 60, '', 2),
(474, 376, 60, '', 2),
(475, 377, 60, '', 2),
(476, 379, 60, '', 2),
(477, 380, 60, '', 2),
(478, 381, 60, '', 2),
(479, 382, 60, '', 2),
(480, 383, 60, '', 2),
(481, 384, 60, '', 2),
(482, 385, 60, '', 2),
(483, 386, 60, '', 2),
(484, 387, 60, '', 2),
(485, 388, 60, '', 2),
(486, 389, 60, '', 2),
(487, 390, 60, '', 2),
(488, 391, 60, '', 2),
(489, 392, 60, '', 2),
(490, 393, 60, '', 2),
(491, 394, 60, '', 2),
(492, 395, 60, '', 2),
(493, 396, 60, '', 2),
(494, 397, 60, '', 2),
(495, 398, 60, '', 2),
(496, 399, 60, '', 2),
(497, 400, 60, '', 2),
(498, 401, 60, '', 2),
(499, 402, 60, '', 2),
(500, 403, 60, '', 2),
(501, 404, 60, '', 2),
(502, 405, 60, '', 2),
(503, 406, 60, '', 2),
(504, 407, 60, '', 2),
(505, 408, 60, '', 2),
(506, 409, 60, '', 2),
(507, 410, 60, '', 2),
(508, 411, 60, '', 2),
(509, 412, 60, '', 2),
(510, 413, 60, '', 2),
(511, 414, 60, '', 2),
(512, 415, 60, '', 2),
(513, 416, 60, '', 2),
(514, 417, 60, '', 2),
(515, 418, 60, '', 2),
(516, 419, 60, '', 2),
(517, 420, 60, '', 2),
(518, 421, 60, '', 2),
(519, 308, 90, '', 3),
(520, 310, 90, '', 3),
(521, 311, 90, '', 3),
(522, 312, 90, '', 3),
(523, 313, 90, '', 3),
(524, 314, 90, '', 3),
(525, 315, 90, '', 3),
(526, 316, 90, '', 3),
(527, 317, 90, '', 3),
(528, 318, 90, '', 3),
(529, 319, 90, '', 3),
(530, 320, 90, '', 3),
(531, 321, 90, '', 3),
(532, 322, 90, '', 3),
(533, 323, 90, '', 3),
(534, 324, 90, '', 3),
(535, 325, 90, '', 3),
(536, 326, 90, '', 3),
(537, 327, 90, '', 3),
(538, 328, 90, '', 3),
(539, 329, 90, '', 3),
(540, 330, 90, '', 3),
(541, 331, 90, '', 3),
(542, 332, 90, '', 3),
(543, 333, 90, '', 3),
(544, 334, 90, '', 3),
(545, 335, 90, '', 3),
(546, 336, 90, '', 3),
(547, 337, 90, '', 3),
(548, 338, 90, '', 3),
(549, 339, 90, '', 3),
(550, 340, 90, '', 3),
(551, 341, 90, '', 3),
(552, 342, 90, '', 3),
(553, 343, 90, '', 3),
(554, 344, 90, '', 3),
(555, 345, 90, '', 3),
(556, 346, 90, '', 3),
(557, 347, 90, '', 3),
(558, 348, 90, '', 3),
(559, 349, 90, '', 3),
(560, 350, 90, '', 3),
(561, 351, 90, '', 3),
(562, 352, 90, '', 3),
(563, 353, 90, '', 3),
(564, 354, 90, '', 3),
(565, 355, 90, '', 3),
(566, 356, 90, '', 3),
(567, 357, 90, '', 3),
(568, 358, 90, '', 3),
(569, 359, 90, '', 3),
(570, 360, 90, '', 3),
(571, 361, 90, '', 3),
(572, 362, 90, '', 3),
(573, 363, 90, '', 3),
(574, 364, 90, '', 3),
(575, 365, 90, '', 3),
(576, 366, 90, '', 3),
(577, 367, 90, '', 3),
(578, 368, 90, '', 3),
(579, 369, 90, '', 3),
(580, 370, 90, '', 3),
(581, 371, 90, '', 3),
(582, 372, 90, '', 3),
(583, 373, 90, '', 3),
(584, 374, 90, '', 3),
(585, 375, 90, '', 3),
(586, 376, 90, '', 3),
(587, 377, 90, '', 3),
(588, 379, 90, '', 3),
(589, 380, 90, '', 3),
(590, 381, 90, '', 3),
(591, 382, 90, '', 3),
(592, 383, 90, '', 3),
(593, 384, 90, '', 3),
(594, 385, 90, '', 3),
(595, 386, 90, '', 3),
(596, 387, 90, '', 3),
(597, 388, 90, '', 3),
(598, 389, 90, '', 3),
(599, 390, 90, '', 3),
(600, 391, 90, '', 3),
(601, 392, 90, '', 3),
(602, 393, 90, '', 3),
(603, 394, 90, '', 3),
(604, 395, 90, '', 3),
(605, 396, 90, '', 3),
(606, 397, 90, '', 3),
(607, 398, 90, '', 3),
(608, 399, 90, '', 3),
(609, 400, 90, '', 3),
(610, 401, 90, '', 3),
(611, 402, 90, '', 3),
(612, 403, 90, '', 3),
(613, 404, 90, '', 3),
(614, 405, 90, '', 3),
(615, 406, 90, '', 3),
(616, 407, 90, '', 3),
(617, 408, 90, '', 3),
(618, 409, 90, '', 3),
(619, 410, 90, '', 3),
(620, 411, 90, '', 3),
(621, 412, 90, '', 3),
(622, 413, 90, '', 3),
(623, 414, 90, '', 3),
(624, 415, 90, '', 3),
(625, 416, 90, '', 3),
(626, 417, 90, '', 3),
(627, 418, 90, '', 3),
(628, 419, 90, '', 3),
(629, 420, 90, '', 3),
(630, 421, 90, '', 3);

-- --------------------------------------------------------

--
-- 表的结构 `ff_products`
--

CREATE TABLE IF NOT EXISTS `ff_products` (
  `Id` int(64) NOT NULL AUTO_INCREMENT,
  `product_pid` int(64) NOT NULL DEFAULT '-1',
  `product_name` varchar(255) DEFAULT '',
  `product_order` int(11) DEFAULT '0',
  `product_hidden` tinyint(4) DEFAULT '0',
  `product_icon` varchar(100) DEFAULT '',
  `product_type` tinyint(4) DEFAULT '0',
  `update_time` double(16,0) DEFAULT '0',
  `product_version` tinyint(4) DEFAULT '0',
  `product_description` varchar(4000) DEFAULT '',
  `software_type_value` bigint(64) NOT NULL DEFAULT '0',
  PRIMARY KEY (`Id`)
) ENGINE=InnoDB  DEFAULT CHARSET=utf8 AUTO_INCREMENT=422 ;

--
-- 转存表中的数据 `ff_products`
--

INSERT INTO `ff_products` (`Id`, `product_pid`, `product_name`, `product_order`, `product_hidden`, `product_icon`, `product_type`, `update_time`, `product_version`, `product_description`, `software_type_value`) VALUES
(166, -1, '微软Windows系统基础', 1, 1, NULL, 0, 1460447265, 0, '微软Windows系统基础', 12),
(167, -1, '微软Office办公软件', 2, 1, NULL, 0, 1460447263, 0, '微软Office办公软件', 12),
(168, -1, '金山Office办公软件', 4, 1, NULL, 0, 1460447263, 0, '金山Office办公软件', 12),
(169, -1, '其他相关科目', 3, 1, NULL, 0, 1460447263, 0, '其他相关科目', 12),
(194, 192, '2015版执业药师(西药)资格', 0, 0, NULL, 1, 1460447263, 0, '2015版执业药师(西药)资格', 12),
(198, -1, '教师资格考试', 0, 1, NULL, 0, 1460447263, 0, '教师资格考试', 16),
(203, -1, '护士资格考试', 0, 1, NULL, 0, 1460447263, 0, '护士资格考试', 32),
(205, 203, '护士实践能力', 0, 1, '', 1, 1460447263, 0, '', 32),
(206, -1, '外科系列', 0, 1, NULL, 0, 1460447263, 0, NULL, 64),
(211, 206, '神经外科', 1, 1, '', 1, 1460447263, 0, '', 64),
(212, 206, '烧伤外科', 2, 1, '', 1, 1460447263, 0, '', 64),
(213, 206, '整形外科', 3, 1, '', 1, 1460447263, 0, '', 64),
(214, 206, '骨外科', 4, 1, '', 1, 1460447263, 0, '', 64),
(215, 206, '泌尿外科', 5, 1, '', 1, 1460447263, 0, '', 64),
(216, 206, '小儿外科', 6, 1, '', 1, 1460447263, 0, '', 64),
(217, 206, '普通外科', 7, 1, '', 1, 1460447263, 0, '', 64),
(218, -1, '内科系列', 0, 1, NULL, 0, 1460447263, 0, NULL, 64),
(219, 218, '传染病学', 1, 1, '', 1, 1460447263, 0, '', 64),
(220, 218, '呼吸内科', 2, 1, '', 1, 1460447263, 0, '', 64),
(221, 218, '结核病学', 3, 1, '', 1, 1460447263, 0, '', 64),
(222, 218, '内分泌学', 4, 1, '', 1, 1460447263, 0, '', 64),
(223, 218, '神经内科', 5, 1, '', 1, 1460447263, 0, '', 64),
(224, 218, '肾内科', 6, 1, '', 1, 1460447263, 0, '', 64),
(225, 218, '消化内科', 7, 1, '', 1, 1460447263, 0, '', 64),
(226, 218, '心血管内科学', 0, 1, '', 1, 1460447263, 0, '', 64),
(227, -1, '中医系列', 0, 1, NULL, 0, 1460447263, 0, NULL, 64),
(228, 227, '中西医结合内科', 1, 1, '', 1, 1460447263, 0, '', 64),
(229, 227, '中医耳鼻喉科', 2, 1, '', 1, 1460447263, 0, '', 64),
(230, 227, '中医妇科', 3, 1, '', 1, 1460447263, 0, '', 64),
(231, 227, '中医肛肠', 4, 1, '', 1, 1460447263, 0, '', 64),
(232, 227, '中医皮肤与性病学', 5, 1, '', 1, 1460447263, 0, '', 64),
(233, 227, '中医推拿', 6, 1, '', 1, 1460447263, 0, '', 64),
(234, 227, '中医外科', 7, 1, '', 1, 1460447263, 0, '', 64),
(235, 227, '中医眼科', 8, 1, '', 1, 1460447263, 0, '', 64),
(236, 227, '中医针灸', 9, 1, '', 1, 1460447263, 0, '', 64),
(237, 227, '中医骨伤科', 10, 1, '', 1, 1460447263, 0, '', 64),
(238, -1, '五官科系列', 0, 1, NULL, 0, 1460447263, 0, NULL, 64),
(239, 238, '口腔颌面外科', 0, 1, '', 1, 1460447263, 0, '', 64),
(240, 238, '口腔内科', 0, 1, '', 1, 1460447263, 0, '', 64),
(241, 238, '口腔修复', 0, 1, '', 1, 1460447263, 0, '', 64),
(242, 238, '口腔医学', 0, 1, '', 1, 1460447263, 0, '', 64),
(243, 238, '口腔正畸', 0, 1, '', 1, 1460447263, 0, '', 64),
(244, 238, '眼科', 0, 1, '', 1, 1460447263, 0, '', 64),
(245, -1, '其他', 0, 1, NULL, 0, 1460447263, 0, NULL, 64),
(246, 245, '病理学', 0, 1, '', 1, 1460447263, 0, '', 64),
(247, 245, '急诊医学', 0, 1, '', 1, 1460447263, 0, '', 64),
(248, 245, '精神病学', 0, 1, '', 1, 1460447263, 0, '', 64),
(249, 245, '老年医学', 0, 1, '', 1, 1460447263, 0, '', 64),
(250, 245, '麻醉学', 0, 1, '', 1, 1460447263, 0, '', 64),
(251, 245, '皮肤与性病学', 0, 1, '', 1, 1460447263, 0, '', 64),
(252, 245, '全科医学', 0, 1, '', 1, 1460447263, 0, '', 64),
(253, 245, '肿瘤学', 0, 1, '', 1, 1460447263, 0, '', 64),
(254, 245, '重症医学', 0, 1, '', 1, 1460447263, 0, '', 64),
(255, -1, '检验系列', 0, 1, NULL, 0, 1460447263, 0, NULL, 64),
(256, 255, '理化检验技术', 0, 1, '', 1, 1460447263, 0, '', 64),
(257, 255, '临床医学检验临床化学', 0, 1, '', 1, 1460447263, 0, '', 64),
(258, 255, '临床医学检验临床化学技术', 0, 1, '', 1, 1460447263, 0, '', 64),
(259, 255, '临床医学检验临床基础检验', 0, 1, '', 1, 1460447263, 0, '', 64),
(260, 255, '临床医学检验临床基础检验技术', 0, 1, '', 1, 1460447263, 0, '', 64),
(261, 255, '临床医学检验临床血液', 0, 1, '', 1, 1460447263, 0, '', 64),
(262, 255, '临床医学检验临床血液技术', 0, 1, '', 1, 1460447263, 0, '', 64),
(263, 218, '内科学', 0, 1, '', 1, 1460447263, 0, '', 64),
(264, 218, '儿内科', 0, 1, '', 1, 1460447263, 0, '', 64),
(265, 218, '血液病学', 0, 1, '', 1, 1460447263, 0, '', 64),
(266, 255, '临床医学检验', 0, 1, '', 1, 1460447263, 0, '', 64),
(267, 255, '临床医学检验技术', 0, 1, '', 1, 1460447263, 0, '', 64),
(268, 255, '临床医学检验临床免疫', 0, 1, '', 1, 1460447263, 0, '', 64),
(269, 255, '临床医学检验临床免疫技术', 0, 1, '', 1, 1460447263, 0, '', 64),
(270, 255, '临床医学检验临床微生物', 0, 1, '', 1, 1460447263, 0, '', 64),
(271, 255, '临床医学检验临床微生物技术', 0, 1, '', 1, 1460447263, 0, '', 64),
(272, 245, '放射医学', 0, 1, '', 1, 1460447263, 0, '', 64),
(273, 227, '中西医结合外科', 0, 1, '', 1, 1460447263, 0, '', 64),
(274, 227, '中医儿科', 0, 1, '', 1, 1460447263, 0, '', 64),
(275, 227, '中医内科', 0, 1, '', 1, 1460447263, 0, '', 64),
(276, 227, '中医全科', 0, 1, '', 1, 1460447263, 0, '', 64),
(277, 238, '耳鼻咽喉科', 0, 1, '', 1, 1460447263, 0, '', 64),
(278, 206, '胸心外科', 0, 1, '', 1, 1460447263, 0, '', 64),
(279, -1, '护理系列', 0, 1, NULL, 0, 1460447263, 0, NULL, 64),
(280, 279, '儿科护理', 0, 1, '', 1, 1460447263, 0, '', 64),
(281, 279, '妇产科护理', 0, 1, '', 1, 1460447263, 0, '', 64),
(282, 279, '护理学', 0, 1, '', 1, 1460447263, 0, '', 64),
(283, 279, '急救护理', 0, 1, '', 1, 1460447263, 0, '', 64),
(284, 279, '内科护理', 0, 1, '', 1, 1460447263, 0, '', 64),
(285, 279, '外科护理', 0, 1, '', 1, 1460447263, 0, '', 64),
(286, 279, '中医护理', 0, 1, '', 1, 1460447263, 0, '', 64),
(287, -1, '预防系列', 0, 1, NULL, 0, 1460447263, 0, NULL, 64),
(288, 287, '环境卫生', 0, 1, '', 1, 1460447263, 0, '', 64),
(289, 287, '疾病控制', 0, 1, '', 1, 1460447263, 0, '', 64),
(290, 287, '学校卫生与儿少卫生', 0, 1, '', 1, 1460447263, 0, '', 64),
(291, 287, '营养与食品卫生', 0, 1, '', 1, 1460447263, 0, '', 64),
(292, 287, '预防疾控微生物检验技术', 0, 1, '', 1, 1460447263, 0, '', 64),
(293, 287, '职业卫生', 0, 1, '', 1, 1460447263, 0, '', 64),
(294, -1, '医技系列', 0, 1, NULL, 0, 1460447263, 0, NULL, 64),
(295, 294, '超声医学与技术', 0, 1, '', 1, 1460447263, 0, '', 64),
(296, 294, '核医学与技术', 0, 1, '', 1, 1460447263, 0, '', 64),
(297, 294, '康复医学与技术', 0, 1, '', 1, 1460447263, 0, '', 64),
(298, 294, '输血技术', 0, 1, '', 1, 1460447263, 0, '', 64),
(299, 294, '心电学技术', 0, 1, '', 1, 1460447263, 0, '', 64),
(300, -1, '妇产科系列', 0, 1, NULL, 0, 1460447263, 0, NULL, 64),
(301, -1, '药学系列', 0, 1, NULL, 0, 1460447263, 0, NULL, 64),
(302, 301, '临床药学', 0, 1, '', 1, 1460447263, 0, '', 64),
(303, 301, '医院药学', 0, 1, '', 1, 1460447263, 0, '', 64),
(304, 301, '中药学', 0, 1, '', 1, 1460447263, 0, '', 64),
(305, 300, '妇产科', 0, 1, '', 1, 1460447263, 0, '', 64),
(306, 300, '妇女保健', 0, 1, '', 1, 1460447263, 0, '', 64),
(307, 300, '计划生育', 0, 1, '', 1, 1460447263, 0, '', 64),
(308, -1, '主治医师（内科系列）', 0, 1, NULL, 0, 1460447263, 0, NULL, 128),
(310, 308, '2016版主治医师考试(内科)', 0, 1, '', 1, 1460447263, 0, '', 128),
(311, 308, '2016版主治医师考试(内分泌)', 0, 1, '', 1, 1460447263, 0, '', 128),
(312, 308, '2016版主治医师考试(肾内科)', 0, 1, '', 1, 1460447263, 0, '', 128),
(313, 308, '2016版主治医师考试(神经内科)', 0, 1, '', 1, 1460447263, 0, '', 128),
(314, 308, '2016版主治医师考试(消化内科)', 0, 1, '', 1, 1460447263, 0, '', 128),
(315, 308, '2016版主治医师考试(呼吸内科)', 0, 1, '', 1, 1460447263, 0, '', 128),
(316, 308, '2016版主治医师考试(心血管内科)', 0, 1, '', 1, 1460447263, 0, '', 128),
(317, 308, '2016版主治医师考试(血液病)', 0, 1, '', 1, 1460447265, 0, '', 128),
(318, 308, '2016版主治医师考试(结核病)', 0, 1, '', 1, 1460447263, 0, '', 128),
(319, 308, '2016版主治医师考试(传染病学)', 0, 1, '', 1, 1460447263, 0, '', 128),
(320, 308, '2016版主治医师考试(职业病)', 0, 1, '', 1, 1460447263, 0, '', 128),
(321, 308, '2016版主治医师考试(风湿与临床免疫学)', 0, 1, '', 1, 1460447263, 0, '', 128),
(322, -1, '主治医师（外科系列）', 0, 1, NULL, 0, 1460447263, 0, NULL, 128),
(323, 322, '2016版主治医师考试(普通外科)', 0, 1, '', 1, 1460447263, 0, '', 128),
(324, 322, '2016版主治医师考试(胸心外科)', 0, 1, '', 1, 1460447263, 0, '', 128),
(325, 322, '2016版主治医师考试(神经外科)', 0, 1, '', 1, 1460447263, 0, '', 128),
(326, 322, '2016版主治医师考试(烧伤外科)', 0, 1, '', 1, 1460447263, 0, '', 128),
(327, 322, '2016版主治医师考试(小儿外科)', 0, 1, '', 1, 1460447263, 0, '', 128),
(328, 322, '2016版主治医师考试(泌尿外科)', 0, 1, '', 1, 1460447263, 0, '', 128),
(329, 322, '2016版主治医师考试(整形外科)', 0, 1, '', 1, 1460447263, 0, '', 128),
(330, 322, '2016版主治医师考试(骨外科学)', 0, 1, '', 1, 1460447263, 0, '', 128),
(331, -1, '主治医师（五官科系列）', 0, 1, NULL, 0, 1460447263, 0, NULL, 128),
(332, 331, '2016版主治医师考试(耳鼻咽喉科)', 0, 1, '', 1, 1460447263, 0, '', 128),
(333, 331, '2016版主治医师考试(口腔颌面外科)', 0, 1, '', 1, 1460447263, 0, '', 128),
(334, 331, '2016版主治医师考试(口腔内科)', 0, 1, '', 1, 1460447263, 0, '', 128),
(335, 331, '2016版主治医师考试(口腔修复)', 0, 1, '', 1, 1460447263, 0, '', 128),
(336, 331, '2016版主治医师考试(口腔医学)', 0, 1, '', 1, 1460447263, 0, '', 128),
(337, 331, '2016版主治医师考试(口腔正畸)', 0, 1, '', 1, 1460447263, 0, '', 128),
(338, 331, '2016版主治医师考试(眼科)', 0, 1, '', 1, 1460447263, 0, '', 128),
(339, -1, '主治医师（妇产科系列）', 0, 1, NULL, 0, 1460447263, 0, NULL, 128),
(340, 339, '2016版主治医师考试(妇产科)', 0, 1, '', 1, 1460447263, 0, '', 128),
(341, 339, '2016版主治医师考试(妇幼保健)', 0, 1, '', 1, 1460447263, 0, '', 128),
(342, 339, '2016版主治医师考试(计划生育)', 0, 1, '', 1, 1460447263, 0, '', 128),
(343, -1, '主治医师（预防系列）', 0, 1, NULL, 0, 1460447263, 0, NULL, 128),
(344, 343, '2016版主治医师考试(预防医学)', 0, 1, '', 1, 1460447263, 0, '', 128),
(345, 343, '2016版主治医师考试(公共卫生)', 0, 1, '', 1, 1460447263, 0, '', 128),
(346, 343, '2016版主治医师考试(疾病控制)', 0, 1, '', 1, 1460447263, 0, '', 128),
(347, 343, '2016版主治医师考试(健康教育)', 0, 1, '', 1, 1460447263, 0, '', 128),
(348, 343, '2016版主治医师考试(职业卫生)', 0, 1, '', 1, 1460447263, 0, '', 128),
(349, -1, '医学中级（药学职称）', 0, 1, NULL, 0, 1460447263, 0, NULL, 128),
(350, 349, '2016版药剂士', 0, 1, '', 1, 1460447263, 0, '', 128),
(351, 349, '2016版药剂师', 0, 1, '', 1, 1460447263, 0, '', 128),
(352, 349, '2016版主管药师', 0, 1, '', 1, 1460447263, 0, '', 128),
(353, 349, '2016版中药士', 0, 1, '', 1, 1460447263, 0, '', 128),
(354, 349, '2016版中药师', 0, 1, '', 1, 1460447263, 0, '', 128),
(355, 349, '2016版主管中药师', 0, 1, '', 1, 1460447263, 0, '', 128),
(356, -1, '医学中级（护士考试）', 0, 1, NULL, 0, 1460447263, 0, NULL, 128),
(357, 356, '2016版执业护士资格', 0, 1, '', 1, 1460447263, 0, '', 128),
(358, 356, '2016版主管护师', 0, 1, '', 1, 1460447263, 0, '', 128),
(359, 356, '2016版护理学(护师)', 0, 1, '', 1, 1460447263, 0, '', 128),
(360, 356, '2016版主管护师(儿科护理)', 0, 1, '', 1, 1460447263, 0, '', 128),
(361, 356, '2016版主管护师(妇产科护理)', 0, 1, '', 1, 1460447263, 0, '', 128),
(362, 356, '2016版主管护师(社区护理)', 0, 1, '', 1, 1460447263, 0, '', 128),
(363, 356, '2016版主管护师(内科护理)', 0, 1, '', 1, 1460447263, 0, '', 128),
(364, 356, '2016版主管护师(外科护理)', 0, 1, '', 1, 1460447263, 0, '', 128),
(365, -1, '主治医师（中医系列）', 0, 1, NULL, 0, 1460447263, 0, NULL, 128),
(366, 365, '2016版主治医师考试(中医全科)', 0, 1, '', 1, 1460447263, 0, '', 128),
(367, 365, '2016版主治医师考试(推拿按摩)', 0, 1, '', 1, 1460447263, 0, '', 128),
(368, 365, '2016版主治医师考试(中西医结合骨伤科)', 0, 1, '', 1, 1460447263, 0, '', 128),
(369, 365, '2016版主治医师考试(中医儿科)', 0, 1, '', 1, 1460447263, 0, '', 128),
(370, 365, '2016版主治医师考试(中医耳鼻喉科)', 0, 1, '', 1, 1460447263, 0, '', 128),
(371, 365, '2016版主治医师考试(中医妇科)', 0, 1, '', 1, 1460447263, 0, '', 128),
(372, 365, '2016版主治医师考试(中医肛肠科)', 0, 1, '', 1, 1460447263, 0, '', 128),
(373, 365, '2016版主治医师考试(中医内科)', 0, 1, '', 1, 1460447263, 0, '', 128),
(374, 365, '2016版主治医师考试(中医外科)', 0, 1, '', 1, 1460447263, 0, '', 128),
(375, 365, '2016版主治医师考试(中医眼科)', 0, 1, '', 1, 1460447263, 0, '', 128),
(376, 365, '2016版主治医师考试(中医针灸)', 0, 1, '', 1, 1460447263, 0, '', 128),
(377, 365, '2016版主治医师考试(中西医结合内科)', 0, 1, '', 1, 1460447263, 0, '', 128),
(379, 365, '2016版主治医师考试(中医皮肤与性病学)', 0, 1, '', 1, 1460447263, 0, '', 128),
(380, 365, '2016版主治医师考试(中西医结合外科)', 0, 1, '', 1, 1460447263, 0, '', 128),
(381, 365, '2016版主治医师考试(中医骨伤科)', 0, 1, '', 1, 1460447263, 0, '', 128),
(382, -1, '主治医师（其他）', 0, 1, NULL, 0, 1460447263, 0, NULL, 128),
(383, 382, '2016版主治医师考试(病理学)', 0, 1, '', 1, 1460447263, 0, '', 128),
(384, 382, '2016版主治医师考试(超声波医学)', 0, 1, '', 1, 1460447263, 0, '', 128),
(385, 382, '2016版主治医师考试(儿科)', 0, 1, '', 1, 1460447263, 0, '', 128),
(386, 382, '2016版主治医师考试(放射医学)', 0, 1, '', 1, 1460447263, 0, '', 128),
(387, 382, '2016版主治医师考试(核医学)', 0, 1, '', 1, 1460447263, 0, '', 128),
(388, 382, '2016版主治医师考试(精神病学)', 0, 1, '', 1, 1460447263, 0, '', 128),
(389, 382, '2016版主治医师考试(康复医学)', 0, 1, '', 1, 1460447263, 0, '', 128),
(390, 382, '2016版主治医师考试(临床医学检验学)', 0, 1, '', 1, 1460447263, 0, '', 128),
(391, 382, '2016版主治医师考试(麻醉)', 0, 1, '', 1, 1460447263, 0, '', 128),
(392, 382, '2016版主治医师考试(皮肤与性病学)', 0, 1, '', 1, 1460447263, 0, '', 128),
(393, 382, '2016版主治医师考试(全科医学)', 0, 1, '', 1, 1460447263, 0, '', 128),
(394, 382, '2016版主治医师考试(疼痛学)', 0, 1, '', 1, 1460447263, 0, '', 128),
(395, 382, '2016版主治医师考试(营养学)', 0, 1, '', 1, 1460447263, 0, '', 128),
(396, 382, '2016版主治医师考试(肿瘤学)', 0, 1, '', 1, 1460447263, 0, '', 128),
(397, 382, '2016版主治医师考试(重症医学)', 0, 1, '', 1, 1460447263, 0, '', 128),
(398, -1, '医学中级（医技考试）', 0, 1, NULL, 0, 1460447263, 0, NULL, 128),
(399, 398, '2016版主管技师考试(超声波医学与技术)', 0, 1, '', 1, 1460447263, 0, '', 128),
(400, 398, '2016版病案信息技术(师)', 0, 1, '', 1, 1460447263, 0, '', 128),
(401, 398, '2016版病案信息技术(士)', 0, 1, '', 1, 1460447263, 0, '', 128),
(402, 398, '2016版放射医学技术(师)', 0, 1, '', 1, 1460447263, 0, '', 128),
(403, 398, '2016版放射医学技术(士)', 0, 1, '', 1, 1460447263, 0, '', 128),
(404, 398, '2016版康复医学治疗技术(士)', 0, 1, '', 1, 1460447263, 0, '', 128),
(405, 398, '2016版口腔医学技术(士)', 0, 1, '', 1, 1460447263, 0, '', 128),
(406, 398, '2016版临床医学检验技术(师)', 0, 1, '', 1, 1460447263, 0, '', 128),
(407, 398, '2016版临床医学检验技术(士)', 0, 1, '', 1, 1460447263, 0, '', 128),
(408, 398, '2016版主管技师考试(病案信息技术)', 0, 1, '', 1, 1460447263, 0, '', 128),
(409, 398, '2016版主管技师考试(病理学技术)', 0, 1, '', 1, 1460447263, 0, '', 128),
(410, 398, '2016版主管技师考试(放射医学技术)', 0, 1, '', 1, 1460447263, 0, '', 128),
(411, 398, '2016版主管技师考试(核医学技术)', 0, 1, '', 1, 1460447263, 0, '', 128),
(412, 398, '2016版主管技师考试(康复医学治疗技术)', 0, 1, '', 1, 1460447263, 0, '', 128),
(413, 398, '2016版主管技师考试(口腔医学技术)', 0, 1, '', 1, 1460447263, 0, '', 128),
(414, 398, '2016版主管技师考试(理化检验技术)', 0, 1, '', 1, 1460447263, 0, '', 128),
(415, 398, '2016版主管技师考试(临床医学检验技术)', 0, 1, '', 1, 1460447263, 0, '', 128),
(416, 398, '2016版主管技师考试(输血技术)', 0, 1, '', 1, 1460447263, 0, '', 128),
(417, 398, '2016版主管技师考试(微生物检验技术)', 0, 1, '', 1, 1460447263, 0, '', 128),
(418, 398, '2016版主管技师考试(消毒技术)', 0, 1, '', 1, 1460447263, 0, '', 128),
(419, 398, '2016版主管技师考试(心电学技术)', 0, 1, '', 1, 1460447263, 0, '', 128),
(420, 398, '2016版主管技师考试(心理治疗)', 0, 1, '', 1, 1460447263, 0, '', 128),
(421, 398, '2016版主管技师考试(肿瘤放射治疗技术)', 0, 1, '', 1, 1460447263, 0, '', 128);

-- --------------------------------------------------------

--
-- 表的结构 `ff_purchases`
--

CREATE TABLE IF NOT EXISTS `ff_purchases` (
  `Id` bigint(128) NOT NULL AUTO_INCREMENT,
  `user_id` bigint(128) NOT NULL,
  `purchases_time` double(16,0) NOT NULL,
  `store_price` double(64,0) NOT NULL,
  `transaction_Identifier` varchar(50) NOT NULL,
  `local` varchar(25) NOT NULL,
  PRIMARY KEY (`Id`)
) ENGINE=InnoDB  DEFAULT CHARSET=utf8 AUTO_INCREMENT=37 ;

--
-- 转存表中的数据 `ff_purchases`
--

INSERT INTO `ff_purchases` (`Id`, `user_id`, `purchases_time`, `store_price`, `transaction_Identifier`, `local`) VALUES
(3, 1, 1452067862, 12, 'coin_12', 'zh_CN@currency=CNY'),
(4, 1, 1452068078, 12, 'coin_12', 'zh_CN@currency=CNY'),
(5, 1, 1452090154, 12, 'coin_12', 'zh_CN@currency=CNY'),
(7, 1, 1452091493, 12, 'coin_12', 'zh_CN@currency=CNY'),
(8, 1, 1458367493, 12, 'coin_12', 'zh_CN@currency=CNY'),
(9, 1, 1458367508, 12, 'coin_12', 'zh_CN@currency=CNY'),
(10, 1, 1458367533, 12, 'coin_12', 'zh_CN@currency=CNY'),
(11, 1, 1458367555, 12, 'coin_12', 'zh_CN@currency=CNY'),
(12, 1, 1458367580, 12, 'coin_12', 'zh_CN@currency=CNY'),
(13, 1, 1458367591, 12, 'coin_12', 'zh_CN@currency=CNY'),
(14, 1, 1458367606, 12, 'coin_12', 'zh_CN@currency=CNY'),
(15, 1, 1458367718, 12, 'coin_12', 'zh_CN@currency=CNY'),
(16, 1, 1458367770, 12, 'coin_12', 'zh_CN@currency=CNY'),
(17, 1, 1458367882, 12, 'coin_12', 'zh_CN@currency=CNY'),
(18, 1, 1458367969, 12, 'coin_12', 'zh_CN@currency=CNY'),
(19, 1, 1458367979, 12, 'coin_12', 'zh_CN@currency=CNY'),
(20, 1, 1458368135, 12, 'coin_12', 'zh_CN@currency=CNY'),
(21, 27, 1458547731, 0, '', ''),
(22, 27, 1458547843, 0, '', ''),
(23, 27, 1458547925, 0, '', ''),
(24, 27, 1458547942, 0, '', ''),
(25, 27, 1458547944, 0, '', ''),
(26, 27, 1458547945, 0, '', ''),
(27, 27, 1458547946, 0, '', ''),
(28, 27, 1458547947, 0, '', ''),
(29, 27, 1458547947, 0, '', ''),
(30, 27, 1458547948, 0, '', ''),
(31, 27, 1458547949, 0, '', ''),
(32, 27, 1458547950, 0, '', ''),
(33, 27, 1458548104, 0, '', ''),
(34, 27, 1458548132, 0, '', ''),
(35, 27, 1458548166, 0, '', ''),
(36, 27, 1458548171, 0, '', '');

-- --------------------------------------------------------

--
-- 表的结构 `ff_regists`
--

CREATE TABLE IF NOT EXISTS `ff_regists` (
  `Id` bigint(64) NOT NULL AUTO_INCREMENT,
  `user_id` bigint(128) NOT NULL,
  `product_id` int(16) NOT NULL,
  `purchases_time` double NOT NULL,
  `valid_time` double(16,0) NOT NULL,
  `expire_time` double NOT NULL,
  `effective_type` tinyint(4) NOT NULL,
  PRIMARY KEY (`Id`)
) ENGINE=InnoDB  DEFAULT CHARSET=utf8 AUTO_INCREMENT=106 ;

--
-- 转存表中的数据 `ff_regists`
--

INSERT INTO `ff_regists` (`Id`, `user_id`, `product_id`, `purchases_time`, `valid_time`, `expire_time`, `effective_type`) VALUES
(8, 27, 278, 1458611476, 1458611476, 1466387476, 2),
(9, 27, 278, 1458611505, 1466387476, 1497923476, 3),
(10, 27, 278, 1458611744, 1497923476, 1529459476, 3),
(11, 27, 226, 1458611878, 1458611878, 1461203878, 1),
(12, 27, 278, 1458612580, 1529459476, 1560995476, 3),
(14, 27, 226, 1458612778, 1461203878, 1492739878, 3),
(15, 27, 278, 1458612816, 1560995476, 1592531476, 3),
(16, 27, 263, 1458612832, 1458612832, 1490148832, 3),
(17, 27, 263, 1458613270, 1490148832, 1521684832, 3),
(18, 27, 263, 1458613284, 1521684832, 1553220832, 3),
(19, 27, 278, 1458624973, 1592531476, 1595123476, 1),
(20, 27, 278, 1458625422, 1595123476, 1626659476, 3),
(21, 27, 220, 1458625476, 1458625476, 1490161476, 3),
(22, 27, 220, 1458625492, 1490161476, 1492753476, 1),
(24, 27, 278, 1458636527, 1626659476, 1658195476, 3),
(25, 27, 211, 1458636535, 1458636535, 1490172535, 3),
(26, 27, 226, 1458636543, 1492739878, 1524275878, 3),
(27, 27, 273, 1458636555, 1458636555, 1490172555, 3),
(28, 27, 303, 1458637884, 1458637884, 1461229884, 1),
(29, 27, 205, 1459231299, 1459231299, 1461823299, 1),
(30, 27, 205, 1459231322, 1461823299, 1464415299, 1),
(31, 27, 205, 1459231330, 1464415299, 1467007299, 1),
(32, 27, 205, 1459231456, 1467007299, 1469599299, 1),
(33, 27, 205, 1459231458, 1469599299, 1472191299, 1),
(34, 27, 205, 1459231463, 1472191299, 1474783299, 1),
(35, 27, 205, 1459231535, 1474783299, 1477375299, 1),
(36, 27, 205, 1459231598, 1477375299, 1479967299, 1),
(37, 27, 205, 1459231643, 1479967299, 1482559299, 1),
(38, 27, 205, 1459231644, 1482559299, 1485151299, 1),
(39, 27, 205, 1459231717, 1485151299, 1487743299, 1),
(40, 27, 205, 1459231719, 1487743299, 1490335299, 1),
(41, 27, 205, 1459232210, 1490335299, 1492927299, 1),
(42, 27, 205, 1459232220, 1492927299, 1495519299, 1),
(43, 27, 205, 1459232227, 1495519299, 1498111299, 1),
(44, 27, 205, 1459232239, 1498111299, 1500703299, 1),
(45, 27, 205, 1459232357, 1500703299, 1503295299, 1),
(46, 27, 205, 1459232367, 1503295299, 1505887299, 1),
(47, 27, 205, 1459232439, 1505887299, 1508479299, 1),
(48, 27, 205, 1459232445, 1508479299, 1511071299, 1),
(49, 27, 205, 1459232470, 1511071299, 1513663299, 1),
(50, 27, 205, 1459232474, 1513663299, 1516255299, 1),
(51, 27, 205, 1459232475, 1516255299, 1518847299, 1),
(52, 27, 205, 1459232476, 1518847299, 1521439299, 1),
(53, 27, 205, 1459232491, 1521439299, 1524031299, 1),
(54, 27, 205, 1459232526, 1524031299, 1526623299, 1),
(55, 27, 205, 1459232549, 1526623299, 1529215299, 1),
(56, 27, 205, 1459232647, 1529215299, 1531807299, 1),
(57, 27, 205, 1459232682, 1531807299, 1534399299, 1),
(58, 27, 205, 1459232690, 1534399299, 1536991299, 1),
(59, 27, 205, 1459232698, 1536991299, 1539583299, 1),
(60, 27, 205, 1459232717, 1539583299, 1542175299, 1),
(61, 27, 205, 1459232723, 1542175299, 1544767299, 1),
(62, 27, 205, 1459232748, 1544767299, 1547359299, 1),
(63, 27, 205, 1459232764, 1547359299, 1549951299, 1),
(64, 27, 205, 1459232775, 1549951299, 1552543299, 1),
(65, 27, 205, 1459232782, 1552543299, 1555135299, 1),
(66, 27, 205, 1459232788, 1555135299, 1557727299, 1),
(67, 27, 205, 1459232809, 1557727299, 1560319299, 1),
(68, 27, 205, 1459232820, 1560319299, 1562911299, 1),
(69, 27, 205, 1459232925, 1562911299, 1565503299, 1),
(70, 27, 205, 1459232987, 1565503299, 1568095299, 1),
(71, 27, 205, 1459233007, 1568095299, 1570687299, 1),
(72, 27, 205, 1459233014, 1570687299, 1573279299, 1),
(73, 27, 205, 1459233020, 1573279299, 1575871299, 1),
(74, 27, 205, 1459233067, 1575871299, 1578463299, 1),
(75, 27, 205, 1459233079, 1578463299, 1581055299, 1),
(76, 27, 205, 1459233110, 1581055299, 1583647299, 1),
(77, 27, 205, 1459233149, 1583647299, 1586239299, 1),
(78, 27, 205, 1459233171, 1586239299, 1588831299, 1),
(79, 27, 205, 1459233179, 1588831299, 1591423299, 1),
(80, 27, 205, 1459233199, 1591423299, 1594015299, 1),
(81, 27, 205, 1459233201, 1594015299, 1596607299, 1),
(82, 27, 205, 1459233270, 1596607299, 1599199299, 1),
(83, 27, 205, 1459233289, 1599199299, 1601791299, 1),
(84, 27, 205, 1459233331, 1601791299, 1604383299, 1),
(85, 27, 205, 1459233357, 1604383299, 1606975299, 1),
(86, 27, 205, 1459233392, 1606975299, 1609567299, 1),
(87, 27, 205, 1459233508, 1609567299, 1612159299, 1),
(88, 27, 205, 1459233555, 1612159299, 1614751299, 1),
(89, 27, 205, 1459233661, 1614751299, 1617343299, 1),
(90, 27, 205, 1459233679, 1617343299, 1619935299, 1),
(91, 27, 205, 1459233686, 1619935299, 1622527299, 1),
(92, 27, 205, 1459233699, 1622527299, 1625119299, 1),
(93, 27, 205, 1459233732, 1625119299, 1627711299, 1),
(94, 27, 205, 1459233751, 1627711299, 1630303299, 1),
(95, 27, 205, 1459233838, 1630303299, 1632895299, 1),
(96, 27, 205, 1459233854, 1632895299, 1635487299, 1),
(97, 27, 205, 1459233860, 1635487299, 1638079299, 1),
(98, 27, 205, 1459233903, 1638079299, 1640671299, 1),
(99, 27, 205, 1459233918, 1640671299, 1643263299, 1),
(100, 27, 205, 1459233954, 1643263299, 1645855299, 1),
(101, 27, 205, 1459234318, 1645855299, 1648447299, 1),
(102, 27, 205, 1459234338, 1648447299, 1651039299, 1),
(103, 27, 205, 1459234353, 1651039299, 1653631299, 1),
(104, 27, 205, 1459240696, 1653631299, 1656223299, 1),
(105, 27, 205, 1459240807, 1656223299, 1658815299, 1);

-- --------------------------------------------------------

--
-- 表的结构 `ff_scores`
--

CREATE TABLE IF NOT EXISTS `ff_scores` (
  `id` int(128) NOT NULL AUTO_INCREMENT,
  `days` int(64) NOT NULL,
  `score` int(64) NOT NULL,
  `software_type_value` bigint(64) NOT NULL,
  PRIMARY KEY (`id`)
) ENGINE=InnoDB  DEFAULT CHARSET=latin1 AUTO_INCREMENT=3 ;

--
-- 转存表中的数据 `ff_scores`
--

INSERT INTO `ff_scores` (`id`, `days`, `score`, `software_type_value`) VALUES
(1, 0, 10, 64),
(2, 10, 50, 192);

-- --------------------------------------------------------

--
-- 表的结构 `ff_softwares`
--

CREATE TABLE IF NOT EXISTS `ff_softwares` (
  `Id` int(64) NOT NULL AUTO_INCREMENT,
  `software_type` varchar(50) NOT NULL,
  `software_type_value` int(64) NOT NULL,
  PRIMARY KEY (`Id`)
) ENGINE=InnoDB  DEFAULT CHARSET=latin1 AUTO_INCREMENT=5 ;

--
-- 转存表中的数据 `ff_softwares`
--

INSERT INTO `ff_softwares` (`Id`, `software_type`, `software_type_value`) VALUES
(1, 'zkbdjsj', 4),
(2, 'tykwjsj', 8),
(3, 'tykwyygj', 64),
(4, 'tykwyyzj', 128);

-- --------------------------------------------------------

--
-- 表的结构 `ff_users`
--

CREATE TABLE IF NOT EXISTS `ff_users` (
  `Id` bigint(128) NOT NULL AUTO_INCREMENT,
  `Username` varchar(255) CHARACTER SET utf8 DEFAULT '',
  `Phone_number` varchar(25) CHARACTER SET utf8 NOT NULL,
  `Password` varchar(255) CHARACTER SET utf8 NOT NULL,
  `Balance` double DEFAULT '0',
  `Score` double DEFAULT '0',
  `Status` tinyint(4) DEFAULT '0',
  PRIMARY KEY (`Id`)
) ENGINE=InnoDB  DEFAULT CHARSET=latin1 AUTO_INCREMENT=64 ;

--
-- 转存表中的数据 `ff_users`
--

INSERT INTO `ff_users` (`Id`, `Username`, `Phone_number`, `Password`, `Balance`, `Score`, `Status`) VALUES
(1, 'sug3rs', '15504307570', 'a6f69d4ec6f936e6cdc7cb9ebcfb81f2', 9393, 0, 1),
(7, NULL, '13298894008', '4eae35f1b35977a00ebd8086c259d4c9', 10, 0, 1),
(16, NULL, '15540757', '1', 0, 0, 1),
(17, NULL, '155407557', '1', 0, 0, 1),
(18, NULL, '1554075579', '1', 0, 0, 1),
(19, NULL, '15540755719', 'c4ca4238a0b923820dcc509a6f75849b', 0, 0, 1),
(20, NULL, '1554755719', 'c4ca4238a0b923820dcc509a6f75849b', 0, 0, 1),
(21, NULL, '18686652964', '202cb962ac59075b964b07152d234b70', 0, 0, 1),
(22, NULL, '18686652964', '202cb962ac59075b964b07152d234b70', 0, 0, 1),
(23, NULL, '18686652964', '202cb962ac59075b964b07152d234b70', 0, 0, 1),
(24, NULL, '1868665296', '202cb962ac59075b964b07152d234b70', 0, 0, 1),
(25, NULL, '1554755719', '202cb962ac59075b964b07152d234b70', 0, 0, 1),
(26, NULL, '1554755719', '202cb962ac59075b964b07152d234b70', 0, 0, 1),
(27, 'guo', '18684328731', '52569c045dc348f12dfc4c85000ad832', 190, 1250, 1),
(28, NULL, '1554755719', '202cb962ac59075b964b07152d234b70', 0, 0, 1),
(29, NULL, '1554755719', '202cb962ac59075b964b07152d234b70', 0, 0, 1),
(30, NULL, '1554755719', '202cb962ac59075b964b07152d234b70', 0, 0, 1),
(31, NULL, '15547571', '202cb962ac59075b964b07152d234b70', 0, 0, 1),
(32, NULL, '15547571', '202cb962ac59075b964b07152d234b70', 0, 0, 1),
(33, 'hg', '15547571', '202cb962ac59075b964b07152d234b70', 0, 0, 1),
(34, NULL, '1554571', '202cb962ac59075b964b07152d234b70', 0, 0, 1),
(37, NULL, '12354681', '202cb962ac59075b964b07152d234b70', 0, 0, 1),
(38, NULL, '18684328732', '250cf8b51c773f3f8dc8b4be867a9a02', 0, 0, 1),
(39, 'null', '129527', 'c4ca4238a0b923820dcc509a6f75849b', 0, 0, 1),
(40, NULL, '123', 'c4ca4238a0b923820dcc509a6f75849b', 0, 0, 1),
(41, NULL, '1234', 'c4ca4238a0b923820dcc509a6f75849b', 0, 0, 1),
(44, NULL, '11111111111', '202cb962ac59075b964b07152d234b70', 0, 0, 1),
(48, NULL, '12345', '202cb962ac59075b964b07152d234b70', 0, 0, 1);

/*!40101 SET CHARACTER_SET_CLIENT=@OLD_CHARACTER_SET_CLIENT */;
/*!40101 SET CHARACTER_SET_RESULTS=@OLD_CHARACTER_SET_RESULTS */;
/*!40101 SET COLLATION_CONNECTION=@OLD_COLLATION_CONNECTION */;
